quadrat,square,x,y,block,strip,density,cc,Cotyledons,2.5cm,5cm,10cm,15cm,20cm,25cm,counter
111,"1,1",1,1,1,11,50,ldr,0,1,0,0,0,0,0,Abbe Hamilton
111,"1,2",1,2,1,11,50,ldr,0,0,0,0,0,0,0,Abbe Hamilton
111,"1,3",1,3,1,11,50,ldr,0,0,0,0,0,0,0,Abbe Hamilton
111,"2,1",2,1,1,11,50,ldr,0,0,0,0,0,0,0,Abbe Hamilton
111,"2,2",2,2,1,11,50,ldr,0,0,0,0,0,0,0,Abbe Hamilton
111,"2,3",2,3,1,11,50,ldr,0,0,0,0,0,0,0,Abbe Hamilton
111,"3,1",3,1,1,11,50,ldr,0,0,0,0,0,0,0,Abbe Hamilton
111,"3,2",3,2,1,11,50,ldr,0,0,0,0,0,0,0,Abbe Hamilton
111,"3,3",3,3,1,11,50,ldr,0,0,0,0,0,0,0,Abbe Hamilton
111,"4,1",4,1,1,11,50,ldr,0,0,0,0,0,0,0,Abbe Hamilton
111,"4,2",4,2,1,11,50,ldr,0,0,0,0,0,0,0,Abbe Hamilton
111,"4,3",4,3,1,11,50,ldr,0,0,0,0,0,0,0,Abbe Hamilton
112,"1,4",1,4,1,11,500,ldr,0,0,0,0,0,0,0,Abbe Hamilton
112,"1,5",1,5,1,11,500,ldr,0,1,0,0,0,0,0,Abbe Hamilton
112,"1,6",1,6,1,11,500,ldr,0,1,0,0,0,0,0,Abbe Hamilton
112,"2,4",2,4,1,11,500,ldr,0,0,0,0,0,0,0,Abbe Hamilton
112,"2,5",2,5,1,11,500,ldr,0,0,0,0,0,0,0,Abbe Hamilton
112,"2,6",2,6,1,11,500,ldr,0,0,0,0,0,0,0,Abbe Hamilton
112,"3,4",3,4,1,11,500,ldr,0,0,0,0,0,0,0,Abbe Hamilton
112,"3,5",3,5,1,11,500,ldr,0,0,0,0,0,0,0,Abbe Hamilton
112,"3,6",3,6,1,11,500,ldr,0,1,0,0,0,0,0,Abbe Hamilton
112,"4,4",4,4,1,11,500,ldr,0,1,0,0,0,0,0,Abbe Hamilton
112,"4,5",4,5,1,11,500,ldr,0,2,1,0,0,0,0,Abbe Hamilton
112,"4,6",4,6,1,11,500,ldr,0,1,0,0,0,0,0,Abbe Hamilton
116,"1,4",1,4,1,11,5000,ldr,0,6,0,0,0,0,0,Abbe Hamilton
116,"1,5",1,5,1,11,5000,ldr,0,6,0,0,0,0,0,Abbe Hamilton
116,"1,6",1,6,1,11,5000,ldr,0,4,0,0,0,0,0,Abbe Hamilton
116,"2,4",2,4,1,11,5000,ldr,0,2,0,0,0,0,0,Abbe Hamilton
116,"2,5",2,5,1,11,5000,ldr,0,5,0,0,0,0,0,Abbe Hamilton
116,"2,6",2,6,1,11,5000,ldr,0,10,0,0,0,0,0,Abbe Hamilton
116,"3,4",3,4,1,11,5000,ldr,0,1,0,0,0,0,0,Abbe Hamilton
116,"3,5",3,5,1,11,5000,ldr,0,1,0,0,0,0,0,Abbe Hamilton
116,"3,6",3,6,1,11,5000,ldr,0,5,0,0,0,0,0,Abbe Hamilton
116,"4,4",4,4,1,11,5000,ldr,0,10,0,0,0,0,0,Abbe Hamilton
116,"4,5",4,5,1,11,5000,ldr,0,5,0,0,0,0,0,Abbe Hamilton
116,"4,6",4,6,1,11,5000,ldr,0,2,0,0,0,0,0,Abbe Hamilton
117,"1,4",1,4,1,11,50000,ldr,1,38,0,0,0,0,0,Abbe Hamilton
117,"1,5",1,5,1,11,50000,ldr,2,15,0,0,0,0,0,Abbe Hamilton
117,"1,6",1,6,1,11,50000,ldr,2,7,0,0,0,0,0,Abbe Hamilton
117,"2,4",2,4,1,11,50000,ldr,0,20,0,0,0,0,0,Abbe Hamilton
117,"2,5",2,5,1,11,50000,ldr,6,29,0,0,0,0,0,Abbe Hamilton
117,"2,6",2,6,1,11,50000,ldr,1,26,0,0,0,0,0,Abbe Hamilton
117,"3,4",3,4,1,11,50000,ldr,3,24,0,0,0,0,0,Abbe Hamilton
117,"3,5",3,5,1,11,50000,ldr,2,9,0,0,0,0,0,Abbe Hamilton
117,"3,6",3,6,1,11,50000,ldr,6,14,0,0,0,0,0,Abbe Hamilton
117,"4,4",4,4,1,11,50000,ldr,1,13,0,0,0,0,0,Abbe Hamilton
117,"4,5",4,5,1,11,50000,ldr,10,3,0,0,0,0,0,Abbe Hamilton
117,"4,6",4,6,1,11,50000,ldr,2,4,0,0,0,0,0,Abbe Hamilton
122,"1,4",1,4,1,12,5000,bare,0,1,0,0,0,0,0,Abbe Hamilton
122,"1,5",1,5,1,12,5000,bare,0,0,0,0,0,0,0,Abbe Hamilton
122,"1,6",1,6,1,12,5000,bare,0,0,0,0,0,0,0,Abbe Hamilton
122,"2,4",2,4,1,12,5000,bare,0,1,0,0,0,0,0,Abbe Hamilton
122,"2,5",2,5,1,12,5000,bare,0,3,1,0,0,0,0,Abbe Hamilton
122,"2,6",2,6,1,12,5000,bare,0,3,0,0,0,0,0,Abbe Hamilton
122,"3,4",3,4,1,12,5000,bare,0,0,0,0,0,0,0,Abbe Hamilton
122,"3,5",3,5,1,12,5000,bare,0,0,1,0,0,0,0,Abbe Hamilton
122,"3,6",3,6,1,12,5000,bare,0,0,0,0,0,0,0,Abbe Hamilton
122,"4,4",4,4,1,12,5000,bare,0,2,0,0,0,0,0,Abbe Hamilton
122,"4,5",4,5,1,12,5000,bare,0,1,1,0,0,0,0,Abbe Hamilton
122,"4,6",4,6,1,12,5000,bare,0,0,0,0,0,0,0,Abbe Hamilton
123,"1,1",1,1,1,12,500,bare,0,0,0,0,0,0,0,Abbe Hamilton
123,"1,2",1,2,1,12,500,bare,0,0,0,0,0,0,0,Abbe Hamilton
123,"1,3",1,3,1,12,500,bare,0,0,0,0,0,0,0,Abbe Hamilton
123,"2,1",2,1,1,12,500,bare,0,0,1,0,0,0,0,Abbe Hamilton
123,"2,2",2,2,1,12,500,bare,0,0,0,0,0,0,0,Abbe Hamilton
123,"2,3",2,3,1,12,500,bare,0,0,0,0,0,0,0,Abbe Hamilton
123,"3,1",3,1,1,12,500,bare,0,0,0,0,0,0,0,Abbe Hamilton
123,"3,2",3,2,1,12,500,bare,0,1,0,0,0,0,0,Abbe Hamilton
123,"3,3",3,3,1,12,500,bare,0,0,0,0,0,0,0,Abbe Hamilton
123,"4,1",4,1,1,12,500,bare,0,2,0,0,0,0,0,Abbe Hamilton
123,"4,2",4,2,1,12,500,bare,0,1,0,0,0,0,0,Abbe Hamilton
123,"4,3",4,3,1,12,500,bare,0,1,0,0,0,0,0,Abbe Hamilton
124,"1,1",1,1,1,12,50,bare,0,0,0,0,0,0,0,Abbe Hamilton
124,"1,2",1,2,1,12,50,bare,0,0,0,0,0,0,0,Abbe Hamilton
124,"1,3",1,3,1,12,50,bare,0,0,0,0,0,0,0,Abbe Hamilton
124,"2,1",2,1,1,12,50,bare,0,0,0,0,0,0,0,Abbe Hamilton
124,"2,2",2,2,1,12,50,bare,0,0,0,0,0,0,0,Abbe Hamilton
124,"2,3",2,3,1,12,50,bare,0,0,0,0,0,0,0,Abbe Hamilton
124,"3,1",3,1,1,12,50,bare,0,0,0,0,0,0,0,Abbe Hamilton
124,"3,2",3,2,1,12,50,bare,0,0,0,0,0,0,0,Abbe Hamilton
124,"3,3",3,3,1,12,50,bare,0,0,0,0,0,0,0,Abbe Hamilton
124,"4,1",4,1,1,12,50,bare,0,0,0,0,0,0,0,Abbe Hamilton
124,"4,2",4,2,1,12,50,bare,0,0,0,0,0,0,0,Abbe Hamilton
124,"4,3",4,3,1,12,50,bare,0,0,0,0,0,0,0,Abbe Hamilton
128,"1,4",1,4,1,12,50000,bare,0,3,0,0,0,0,0,Abbe Hamilton
128,"1,5",1,5,1,12,50000,bare,0,8,1,0,0,0,0,Abbe Hamilton
128,"1,6",1,6,1,12,50000,bare,0,5,0,0,0,0,0,Abbe Hamilton
128,"2,4",2,4,1,12,50000,bare,0,1,0,1,0,0,0,Abbe Hamilton
128,"2,5",2,5,1,12,50000,bare,0,7,1,0,0,0,0,Abbe Hamilton
128,"2,6",2,6,1,12,50000,bare,0,4,0,0,0,0,0,Abbe Hamilton
128,"3,4",3,4,1,12,50000,bare,0,15,5,3,0,0,0,Abbe Hamilton
128,"3,5",3,5,1,12,50000,bare,0,11,0,0,0,0,0,Abbe Hamilton
128,"3,6",3,6,1,12,50000,bare,0,8,4,1,0,0,0,Abbe Hamilton
128,"4,4",4,4,1,12,50000,bare,0,9,7,2,0,0,0,Abbe Hamilton
128,"4,5",4,5,1,12,50000,bare,0,1,0,0,0,0,0,Abbe Hamilton
128,"4,6",4,6,1,12,50000,bare,0,3,5,0,0,0,0,Abbe Hamilton
131,"1,4",1,4,1,13,50000,ldshoots,5,17,5,1,0,0,0,Abbe Hamilton
131,"1,5",1,5,1,13,50000,ldshoots,4,2,3,6,0,0,0,Abbe Hamilton
131,"1,6",1,6,1,13,50000,ldshoots,2,6,18,11,1,0,0,Abbe Hamilton
131,"2,4",2,4,1,13,50000,ldshoots,5,18,6,23,2,0,0,Abbe Hamilton
131,"2,5",2,5,1,13,50000,ldshoots,2,27,3,8,0,0,0,Abbe Hamilton
131,"2,6",2,6,1,13,50000,ldshoots,1,6,3,2,0,0,0,Abbe Hamilton
131,"3,4",3,4,1,13,50000,ldshoots,1,36,5,13,1,0,0,Abbe Hamilton
131,"3,5",3,5,1,13,50000,ldshoots,0,9,8,1,0,0,0,Abbe Hamilton
131,"3,6",3,6,1,13,50000,ldshoots,1,15,12,11,0,0,0,Abbe Hamilton
131,"4,4",4,4,1,13,50000,ldshoots,0,1,6,2,0,0,0,Abbe Hamilton
131,"4,5",4,5,1,13,50000,ldshoots,0,6,9,8,0,0,0,Abbe Hamilton
131,"4,6",4,6,1,13,50000,ldshoots,3,7,4,0,0,0,0,Abbe Hamilton
136,"1,4",1,4,1,13,50,ldshoots,0,0,0,0,0,0,0,
136,"1,5",1,5,1,13,50,ldshoots,0,0,0,0,0,0,0,
136,"1,6",1,6,1,13,50,ldshoots,0,0,0,0,0,0,0,
136,"2,4",2,4,1,13,50,ldshoots,0,0,0,0,0,0,0,
136,"2,5",2,5,1,13,50,ldshoots,0,0,0,0,0,0,0,
136,"2,6",2,6,1,13,50,ldshoots,0,0,0,0,0,0,0,
136,"3,4",3,4,1,13,50,ldshoots,0,0,0,0,0,0,0,
136,"3,5",3,5,1,13,50,ldshoots,0,0,0,0,0,0,0,
136,"3,6",3,6,1,13,50,ldshoots,0,0,0,0,0,0,0,
136,"4,4",4,4,1,13,50,ldshoots,0,0,0,0,0,0,0,
136,"4,5",4,5,1,13,50,ldshoots,0,0,0,0,0,0,0,
136,"4,6",4,6,1,13,50,ldshoots,0,0,0,0,0,0,0,
137,"1,4",0,4,1,13,500,ldshoots,0,0,0,0,0,0,0,Abbe Hamilton
137,"1,5",1,5,1,13,500,ldshoots,0,1,1,0,0,0,0,Abbe Hamilton
137,"1,6",0,6,1,13,500,ldshoots,0,0,0,0,0,0,0,Abbe Hamilton
137,"2,4",0,4,1,13,500,ldshoots,0,0,0,0,0,0,0,Abbe Hamilton
137,"2,5",2,5,1,13,500,ldshoots,0,0,1,0,0,0,0,Abbe Hamilton
137,"2,6",2,6,1,13,500,ldshoots,0,0,0,0,0,0,0,Abbe Hamilton
137,"3,4",3,4,1,13,500,ldshoots,0,0,0,0,0,0,0,Abbe Hamilton
137,"3,5",3,5,1,13,500,ldshoots,0,0,0,0,0,0,0,Abbe Hamilton
137,"3,6",3,6,1,13,500,ldshoots,0,0,0,0,0,0,0,Abbe Hamilton
137,"4,4",4,4,1,13,500,ldshoots,0,0,0,0,0,0,0,Abbe Hamilton
137,"4,5",4,5,1,13,500,ldshoots,0,0,0,0,0,0,0,Abbe Hamilton
137,"4,6",4,6,1,13,500,ldshoots,0,0,0,0,0,0,0,Abbe Hamilton
138,"1,4",1,4,1,13,5000,ldshoots,0,0,0,1,0,0,0,Abbe Hamilton
138,"1,5",1,5,1,13,5000,ldshoots,2,2,1,1,0,0,0,Abbe Hamilton
138,"1,6",1,6,1,13,5000,ldshoots,0,0,0,3,0,0,0,Abbe Hamilton
138,"2,4",2,4,1,13,5000,ldshoots,1,0,2,2,0,0,0,Abbe Hamilton
138,"2,5",2,5,1,13,5000,ldshoots,0,0,0,0,0,0,0,
138,"2,6",2,6,1,13,5000,ldshoots,0,0,0,1,0,0,0,Abbe Hamilton
138,"3,4",3,4,1,13,5000,ldshoots,0,0,1,0,0,0,0,Abbe Hamilton
138,"3,5",3,5,1,13,5000,ldshoots,0,0,1,2,0,0,0,Abbe Hamilton
138,"3,6",3,6,1,13,5000,ldshoots,0,0,0,2,0,0,0,Abbe Hamilton
138,"4,4",4,4,1,13,5000,ldshoots,0,2,0,0,0,0,0,Abbe Hamilton
138,"4,5",4,5,1,13,5000,ldshoots,0,0,1,0,0,0,0,Abbe Hamilton
138,"4,6",4,6,1,13,5000,ldshoots,0,0,1,0,0,0,0,Abbe Hamilton
141,"1,4",1,4,1,14,500,hdr,0,0,0,0,0,0,0,
141,"1,5",1,5,1,14,500,hdr,0,0,0,0,0,0,0,
141,"1,6",1,6,1,14,500,hdr,0,0,0,0,0,0,0,
141,"2,4",2,4,1,14,500,hdr,0,0,0,0,0,0,0,
141,"2,5",2,5,1,14,500,hdr,0,0,0,0,0,0,0,
141,"2,6",2,6,1,14,500,hdr,0,0,1,0,0,0,0,Abbe Hamilton
141,"3,4",3,4,1,14,500,hdr,0,0,0,0,0,0,0,
141,"3,5",3,5,1,14,500,hdr,0,0,0,0,0,0,0,
141,"3,6",3,6,1,14,500,hdr,0,0,0,0,0,0,0,
141,"4,4",4,4,1,14,500,hdr,0,0,0,0,0,0,0,
141,"4,5",4,5,1,14,500,hdr,0,0,0,0,0,0,0,
141,"4,6",4,6,1,14,500,hdr,0,0,0,0,0,0,0,
145,"1,4",1,4,1,14,50000,hdr,2,23,0,0,0,0,0,Abbe Hamilton
145,"1,5",1,5,1,14,50000,hdr,1,64,2,0,0,0,0,Abbe Hamilton
145,"1,6",1,6,1,14,50000,hdr,0,42,0,0,0,0,0,Abbe Hamilton
145,"2,4",2,4,1,14,50000,hdr,4,20,0,0,0,0,0,Abbe Hamilton
145,"2,5",2,5,1,14,50000,hdr,0,70,2,0,0,0,0,Abbe Hamilton
145,"2,6",2,6,1,14,50000,hdr,1,27,0,0,0,0,0,Abbe Hamilton
145,"3,4",3,4,1,14,50000,hdr,7,75,0,0,0,0,0,Abbe Hamilton
145,"3,5",3,5,1,14,50000,hdr,3,62,3,0,0,0,0,Abbe Hamilton
145,"3,6",3,6,1,14,50000,hdr,1,20,0,0,0,0,0,Abbe Hamilton
145,"4,4",4,4,1,14,50000,hdr,10,71,5,0,0,0,0,Abbe Hamilton
145,"4,5",4,5,1,14,50000,hdr,0,69,0,0,0,0,0,Abbe Hamilton
145,"4,6",4,6,1,14,50000,hdr,0,6,0,0,0,0,0,Abbe Hamilton
146,"1,4",1,4,1,14,5000,hdr,2,2,6,1,0,0,0,Abbe Hamilton
146,"1,5",1,5,1,14,5000,hdr,2,2,18,1,0,0,0,Abbe Hamilton
146,"1,6",1,6,1,14,5000,hdr,1,1,4,0,0,0,0,Abbe Hamilton
146,"2,4",2,4,1,14,5000,hdr,1,1,2,1,0,0,0,Abbe Hamilton
146,"2,5",2,5,1,14,5000,hdr,0,0,8,0,0,0,0,Abbe Hamilton
146,"2,6",2,6,1,14,5000,hdr,0,0,0,0,0,0,0,Abbe Hamilton
146,"3,4",3,4,1,14,5000,hdr,0,0,6,0,0,0,0,Abbe Hamilton
146,"3,5",3,5,1,14,5000,hdr,0,0,2,0,0,0,0,Abbe Hamilton
146,"3,6",3,6,1,14,5000,hdr,0,0,2,0,0,0,0,Abbe Hamilton
146,"4,4",4,4,1,14,5000,hdr,2,2,6,2,0,0,0,Abbe Hamilton
146,"4,5",4,5,1,14,5000,hdr,3,3,6,1,0,0,0,Abbe Hamilton
146,"4,6",4,6,1,14,5000,hdr,0,0,5,2,0,0,0,Abbe Hamilton
149,"1,4",1,4,1,14,50,hdr,0,1,0,0,0,0,0,Abbe Hamilton
149,"1,5",1,5,1,14,50,hdr,0,0,0,0,0,0,0,Abbe Hamilton
149,"1,6",1,6,1,14,50,hdr,0,0,0,0,0,0,0,Abbe Hamilton
149,"2,4",2,4,1,14,50,hdr,0,0,0,0,0,0,0,Abbe Hamilton
149,"2,5",2,5,1,14,50,hdr,0,0,0,0,0,0,0,Abbe Hamilton
149,"2,6",2,6,1,14,50,hdr,0,0,0,0,0,0,0,Abbe Hamilton
149,"3,4",3,4,1,14,50,hdr,0,0,0,0,0,0,0,Abbe Hamilton
149,"3,5",3,5,1,14,50,hdr,0,0,0,0,0,0,0,Abbe Hamilton
149,"3,6",3,6,1,14,50,hdr,0,0,0,0,0,0,0,Abbe Hamilton
149,"4,4",4,4,1,14,50,hdr,0,0,0,0,0,0,0,Abbe Hamilton
149,"4,5",4,5,1,14,50,hdr,0,0,0,0,0,0,0,Abbe Hamilton
149,"4,6",4,6,1,14,50,hdr,0,0,0,0,0,0,0,Abbe Hamilton
152,"1,4",1,4,1,15,50,hdshoots,0,1,0,0,0,0,0,Abbe Hamilton
152,"1,5",1,5,1,15,50,hdshoots,0,0,0,0,0,0,0,Abbe Hamilton
152,"1,6",1,6,1,15,50,hdshoots,0,0,0,0,0,0,0,Abbe Hamilton
152,"2,4",2,4,1,15,50,hdshoots,0,0,0,0,0,0,0,Abbe Hamilton
152,"2,5",2,5,1,15,50,hdshoots,0,0,0,0,0,0,0,Abbe Hamilton
152,"2,6",2,6,1,15,50,hdshoots,0,0,0,0,0,0,0,Abbe Hamilton
152,"3,4",3,4,1,15,50,hdshoots,0,0,0,0,0,0,0,Abbe Hamilton
152,"3,5",3,5,1,15,50,hdshoots,0,0,0,0,0,0,0,Abbe Hamilton
152,"3,6",3,6,1,15,50,hdshoots,0,0,0,0,0,0,0,Abbe Hamilton
152,"4,4",4,4,1,15,50,hdshoots,0,0,0,0,0,0,0,Abbe Hamilton
152,"4,5",4,5,1,15,50,hdshoots,0,0,0,0,0,0,0,Abbe Hamilton
152,"4,6",4,6,1,15,50,hdshoots,0,0,0,0,0,0,0,Abbe Hamilton
153,"1,4",1,4,1,15,50000,hdshoots,8,23,26,15,0,0,0,Abbe Hamilton
153,"1,5",1,5,1,15,50000,hdshoots,4,19,18,11,1,0,0,Abbe Hamilton
153,"1,6",1,6,1,15,50000,hdshoots,8,11,18,4,1,0,0,Abbe Hamilton
153,"2,4",2,4,1,15,50000,hdshoots,4,11,14,7,0,0,0,Abbe Hamilton
153,"2,5",2,5,1,15,50000,hdshoots,6,15,14,12,0,0,0,Abbe Hamilton
153,"2,6",2,6,1,15,50000,hdshoots,1,1,4,1,0,0,0,Abbe Hamilton
153,"3,4",3,4,1,15,50000,hdshoots,3,9,10,10,0,0,0,Abbe Hamilton
153,"3,5",3,5,1,15,50000,hdshoots,13,10,7,2,0,0,0,Abbe Hamilton
153,"3,6",3,6,1,15,50000,hdshoots,1,0,3,1,0,0,0,Abbe Hamilton
153,"4,4",4,4,1,15,50000,hdshoots,9,11,5,2,0,0,0,Abbe Hamilton
153,"4,5",4,5,1,15,50000,hdshoots,18,1,5,4,0,0,0,Abbe Hamilton
153,"4,6",4,6,1,15,50000,hdshoots,8,7,3,1,0,0,0,Abbe Hamilton
154,"1,4",1,4,1,15,500,hdshoots,0,0,0,0,0,0,0,Abbe Hamilton
154,"1,5",1,5,1,15,500,hdshoots,0,0,1,0,0,0,0,Abbe Hamilton
154,"1,6",1,6,1,15,500,hdshoots,1,0,0,0,0,0,0,Abbe Hamilton
154,"2,4",2,4,1,15,500,hdshoots,0,0,0,0,0,0,0,Abbe Hamilton
154,"2,5",2,5,1,15,500,hdshoots,0,0,1,0,0,0,0,Abbe Hamilton
154,"2,6",2,6,1,15,500,hdshoots,0,0,0,0,0,0,0,Abbe Hamilton
154,"3,4",3,4,1,15,500,hdshoots,0,0,0,0,0,0,0,Abbe Hamilton
154,"3,5",3,5,1,15,500,hdshoots,0,0,0,0,0,0,0,Abbe Hamilton
154,"3,6",3,6,1,15,500,hdshoots,0,0,0,0,0,0,0,Abbe Hamilton
154,"4,4",4,4,1,15,500,hdshoots,0,0,0,0,0,0,0,Abbe Hamilton
154,"4,5",4,5,1,15,500,hdshoots,0,0,0,0,0,0,0,Abbe Hamilton
154,"4,6",4,6,1,15,500,hdshoots,0,0,0,0,0,0,0,Abbe Hamilton
155,"1,4",1,4,1,15,5000,hdshoots,0,2,2,0,0,0,0,Abbe Hamilton
155,"1,5",1,5,1,15,5000,hdshoots,0,0,1,1,0,0,0,Abbe Hamilton
155,"1,6",1,6,1,15,5000,hdshoots,0,3,3,1,0,0,0,Abbe Hamilton
155,"2,4",2,4,1,15,5000,hdshoots,3,3,3,0,0,0,0,Abbe Hamilton
155,"2,5",2,5,1,15,5000,hdshoots,3,3,3,0,0,0,0,Abbe Hamilton
155,"2,6",2,6,1,15,5000,hdshoots,0,0,2,1,0,0,0,Abbe Hamilton
155,"3,4",3,4,1,15,5000,hdshoots,2,3,1,4,0,0,0,Abbe Hamilton
155,"3,5",3,5,1,15,5000,hdshoots,2,2,1,1,0,0,0,Abbe Hamilton
155,"3,6",3,6,1,15,5000,hdshoots,2,0,1,0,0,0,0,Abbe Hamilton
155,"4,4",4,4,1,15,5000,hdshoots,0,1,4,2,0,0,0,Abbe Hamilton
155,"4,5",4,5,1,15,5000,hdshoots,1,1,2,3,0,0,0,Abbe Hamilton
155,"4,6",4,6,1,15,5000,hdshoots,0,0,1,0,0,0,0,Abbe Hamilton
212,"1,4",1,4,2,21,50,hdshoots,0,0,0,0,0,0,0,Laurel Wellman
212,"1,5",1,5,2,21,50,hdshoots,0,0,0,0,0,0,0,Laurel Wellman
212,"1,6",1,6,2,21,50,hdshoots,0,0,0,0,0,0,0,Laurel Wellman
212,"2,4",2,4,2,21,50,hdshoots,0,0,0,0,0,0,0,Laurel Wellman
212,"2,5",2,5,2,21,50,hdshoots,0,0,0,0,0,0,0,Laurel Wellman
212,"2,6",2,6,2,21,50,hdshoots,0,0,0,0,0,0,0,Laurel Wellman
212,"3,4",3,4,2,21,50,hdshoots,0,0,0,0,0,0,0,Laurel Wellman
212,"3,5",3,5,2,21,50,hdshoots,0,0,0,0,0,0,0,Laurel Wellman
212,"3,6",3,6,2,21,50,hdshoots,0,0,0,0,0,0,0,Laurel Wellman
212,"4,4",4,4,2,21,50,hdshoots,0,0,0,0,0,0,0,Laurel Wellman
212,"4,5",4,5,2,21,50,hdshoots,0,0,0,0,0,0,0,Laurel Wellman
212,"4,6",4,6,2,21,50,hdshoots,0,0,0,0,0,0,0,Laurel Wellman
213,"1,4",1,4,2,21,50000,hdshoots,0,25,13,10,2,0,0,Laurel Wellman
213,"1,5",1,5,2,21,50000,hdshoots,0,19,6,8,1,0,0,Laurel Wellman
213,"1,6",1,6,2,21,50000,hdshoots,2,41,14,3,0,0,0,Laurel Wellman
213,"2,4",2,4,2,21,50000,hdshoots,0,41,14,14,3,0,0,Laurel Wellman
213,"2,5",2,5,2,21,50000,hdshoots,4,8,10,5,1,0,0,Laurel Wellman
213,"2,6",2,6,2,21,50000,hdshoots,8,10,14,5,2,0,0,Laurel Wellman
213,"3,4",3,4,2,21,50000,hdshoots,2,11,8,3,0,0,0,Laurel Wellman
213,"3,5",3,5,2,21,50000,hdshoots,3,27,9,8,2,0,0,Laurel Wellman
213,"3,6",3,6,2,21,50000,hdshoots,11,11,12,11,4,0,0,Laurel Wellman
213,"4,4",4,4,2,21,50000,hdshoots,7,11,3,1,0,0,0,Laurel Wellman
213,"4,5",4,5,2,21,50000,hdshoots,5,0,3,4,0,0,0,Laurel Wellman
213,"4,6",4,6,2,21,50000,hdshoots,3,2,0,1,0,0,0,Laurel Wellman
217,"1,4",1,4,2,21,500,hdshoots,0,0,0,0,0,0,0,Laurel Wellman
217,"1,5",1,5,2,21,500,hdshoots,0,0,0,0,0,0,0,Laurel Wellman
217,"1,6",1,6,2,21,500,hdshoots,0,0,0,0,0,0,0,Laurel Wellman
217,"2,4",2,4,2,21,500,hdshoots,0,0,0,0,0,0,0,Laurel Wellman
217,"2,5",2,5,2,21,500,hdshoots,0,0,0,0,0,0,0,Laurel Wellman
217,"2,6",2,6,2,21,500,hdshoots,0,0,0,0,0,0,0,Laurel Wellman
217,"3,4",3,4,2,21,500,hdshoots,0,1,0,0,0,0,0,Laurel Wellman
217,"3,5",3,5,2,21,500,hdshoots,0,0,0,0,0,0,0,Laurel Wellman
217,"3,6",3,6,2,21,500,hdshoots,0,0,0,0,0,0,0,Laurel Wellman
217,"4,4",4,4,2,21,500,hdshoots,0,0,0,0,0,0,0,Laurel Wellman
217,"4,5",4,5,2,21,500,hdshoots,0,0,0,0,0,0,0,Laurel Wellman
217,"4,6",4,6,2,21,500,hdshoots,0,0,0,0,0,0,0,Laurel Wellman
218,"1,4",1,4,2,21,5000,hdshoots,0,0,0,0,0,0,0,Laurel Wellman
218,"1,5",1,5,2,21,5000,hdshoots,0,1,0,0,0,0,0,Laurel Wellman
218,"1,6",1,6,2,21,5000,hdshoots,0,1,2,0,0,0,0,Laurel Wellman
218,"2,4",2,4,2,21,5000,hdshoots,0,1,3,1,0,0,0,Laurel Wellman
218,"2,5",2,5,2,21,5000,hdshoots,1,1,3,1,0,0,0,Laurel Wellman
218,"2,6",2,6,2,21,5000,hdshoots,0,0,0,1,0,0,0,Laurel Wellman
218,"3,4",3,4,2,21,5000,hdshoots,0,2,0,0,0,0,0,Laurel Wellman
218,"3,5",3,5,2,21,5000,hdshoots,1,0,0,2,0,0,0,Laurel Wellman
218,"3,6",3,6,2,21,5000,hdshoots,2,2,0,1,0,0,0,Laurel Wellman
218,"4,4",4,4,2,21,5000,hdshoots,0,1,0,1,0,0,0,Laurel Wellman
218,"4,5",4,5,2,21,5000,hdshoots,0,2,1,0,0,0,0,Laurel Wellman
218,"4,6",4,6,2,21,5000,hdshoots,1,1,0,0,0,0,0,Laurel Wellman
221,"1,4",1,4,2,22,50,ldshoots,0,0,0,0,0,0,0,Grant Hoffer
221,"1,5",1,5,2,22,50,ldshoots,0,0,0,0,0,0,0,Grant Hoffer
221,"1,6",1,6,2,22,50,ldshoots,0,0,0,0,0,0,0,Grant Hoffer
221,"2,4",2,4,2,22,50,ldshoots,0,0,0,0,0,0,0,Grant Hoffer
221,"2,5",2,5,2,22,50,ldshoots,0,0,0,0,0,0,0,Grant Hoffer
221,"2,6",2,6,2,22,50,ldshoots,0,0,0,0,0,0,0,Grant Hoffer
221,"3,4",3,4,2,22,50,ldshoots,0,0,0,0,0,0,0,Grant Hoffer
221,"3,5",3,5,2,22,50,ldshoots,0,0,0,0,0,0,0,Grant Hoffer
221,"3,6",3,6,2,22,50,ldshoots,0,0,0,0,0,0,0,Grant Hoffer
221,"4,4",4,4,2,22,50,ldshoots,0,0,0,0,0,0,0,Grant Hoffer
221,"4,5",4,5,2,22,50,ldshoots,0,0,0,0,0,0,0,Grant Hoffer
221,"4,6",4,6,2,22,50,ldshoots,0,0,0,0,0,0,0,Grant Hoffer
223,"1,4",1,4,2,22,50000,ldshoots,4,9,19,4,0,0,0,Grant Hoffer
223,"1,5",1,5,2,22,50000,ldshoots,4,7,7,2,0,0,0,Grant Hoffer
223,"1,6",1,6,2,22,50000,ldshoots,1,3,1,3,0,0,0,Grant Hoffer
223,"2,4",2,4,2,22,50000,ldshoots,0,5,9,5,0,0,0,Grant Hoffer
223,"2,5",2,5,2,22,50000,ldshoots,2,23,27,6,0,0,0,Grant Hoffer
223,"2,6",2,6,2,22,50000,ldshoots,1,4,7,3,0,0,0,Grant Hoffer
223,"3,4",3,4,2,22,50000,ldshoots,1,6,7,0,0,0,0,Grant Hoffer
223,"3,5",3,5,2,22,50000,ldshoots,0,25,13,4,0,0,0,Grant Hoffer
223,"3,6",3,6,2,22,50000,ldshoots,2,2,4,2,1,0,0,Grant Hoffer
223,"4,4",4,4,2,22,50000,ldshoots,0,15,9,2,0,0,0,Grant Hoffer
223,"4,5",4,5,2,22,50000,ldshoots,1,10,8,0,0,0,0,Grant Hoffer
223,"4,6",4,6,2,22,50000,ldshoots,0,4,4,2,1,0,0,Grant Hoffer
224,"1,1",1,1,2,22,500,ldshoots,0,0,0,0,0,0,0,Laurel Wellman
224,"1,2",1,2,2,22,500,ldshoots,0,0,0,0,0,0,0,Laurel Wellman
224,"1,3",1,3,2,22,500,ldshoots,0,0,0,1,0,0,0,Laurel Wellman
224,"2,1",2,1,2,22,500,ldshoots,0,0,1,0,0,0,0,Laurel Wellman
224,"2,2",2,2,2,22,500,ldshoots,0,0,0,0,0,0,0,Laurel Wellman
224,"2,3",2,3,2,22,500,ldshoots,0,0,0,0,0,0,0,Laurel Wellman
224,"3,1",3,1,2,22,500,ldshoots,0,0,0,0,0,0,0,Laurel Wellman
224,"3,2",3,2,2,22,500,ldshoots,0,0,0,0,0,0,0,Laurel Wellman
224,"3,3",3,3,2,22,500,ldshoots,0,0,0,0,0,0,0,Laurel Wellman
224,"4,1",4,1,2,22,500,ldshoots,0,0,0,0,0,0,0,Laurel Wellman
224,"4,2",4,2,2,22,500,ldshoots,0,0,0,0,0,0,0,Laurel Wellman
224,"4,3",4,3,2,22,500,ldshoots,0,0,0,0,0,0,0,Laurel Wellman
227,"1,4",1,4,2,22,5000,ldshoots,0,0,0,0,0,0,0,Laurel Wellman
227,"1,5",1,5,2,22,5000,ldshoots,0,0,1,2,0,0,0,Laurel Wellman
227,"1,6",1,6,2,22,5000,ldshoots,0,1,0,1,0,0,0,Laurel Wellman
227,"2,4",2,4,2,22,5000,ldshoots,1,0,0,0,0,0,0,Laurel Wellman
227,"2,5",2,5,2,22,5000,ldshoots,0,0,0,0,0,0,0,Laurel Wellman
227,"2,6",2,6,2,22,5000,ldshoots,0,0,0,0,0,0,0,Laurel Wellman
227,"3,4",3,4,2,22,5000,ldshoots,0,1,0,2,0,0,0,Laurel Wellman
227,"3,5",3,5,2,22,5000,ldshoots,0,0,1,1,0,0,0,Laurel Wellman
227,"3,6",3,6,2,22,5000,ldshoots,0,0,1,0,0,0,0,Laurel Wellman
227,"4,4",4,4,2,22,5000,ldshoots,1,0,2,1,0,0,0,Laurel Wellman
227,"4,5",4,5,2,22,5000,ldshoots,0,0,6,0,0,0,0,Laurel Wellman
227,"4,6",4,6,2,22,5000,ldshoots,1,1,0,0,0,0,0,Laurel Wellman
231,"1,4",1,4,2,23,50000,bare,0,5,1,0,0,0,0,Grant Hoffer
231,"1,5",1,5,2,23,50000,bare,0,4,2,1,1,0,0,Grant Hoffer
231,"1,6",1,6,2,23,50000,bare,0,10,7,0,0,0,0,Grant Hoffer
231,"2,4",2,4,2,23,50000,bare,0,25,2,0,0,0,0,Grant Hoffer
231,"2,5",2,5,2,23,50000,bare,0,17,10,2,0,0,0,Grant Hoffer
231,"2,6",2,6,2,23,50000,bare,0,15,4,3,0,0,0,Grant Hoffer
231,"3,4",3,4,2,23,50000,bare,0,11,3,7,0,0,0,Grant Hoffer
231,"3,5",3,5,2,23,50000,bare,0,6,1,1,0,0,0,Grant Hoffer
231,"3,6",3,6,2,23,50000,bare,1,7,2,0,0,0,0,Grant Hoffer
231,"4,4",4,4,2,23,50000,bare,0,10,3,0,0,0,0,Grant Hoffer
231,"4,5",4,5,2,23,50000,bare,0,15,2,0,0,0,0,Grant Hoffer
231,"4,6",4,6,2,23,50000,bare,0,6,0,0,0,0,0,Grant Hoffer
235,"1,4",1,4,2,23,500,bare,0,0,0,0,0,0,0,Grant Hoffer
235,"1,5",1,5,2,23,500,bare,0,0,0,0,0,0,0,Grant Hoffer
235,"1,6",1,6,2,23,500,bare,0,0,0,0,0,0,0,Grant Hoffer
235,"2,4",2,4,2,23,500,bare,0,0,0,0,0,0,0,Grant Hoffer
235,"2,5",2,5,2,23,500,bare,0,0,0,0,0,0,0,Grant Hoffer
235,"2,6",2,6,2,23,500,bare,0,0,0,0,0,0,0,Grant Hoffer
235,"3,4",3,4,2,23,500,bare,0,0,0,0,0,0,0,Grant Hoffer
235,"3,5",3,5,2,23,500,bare,0,0,0,0,0,0,0,Grant Hoffer
235,"3,6",3,6,2,23,500,bare,0,0,0,0,0,0,0,Grant Hoffer
235,"4,4",4,4,2,23,500,bare,0,1,0,0,0,0,0,Grant Hoffer
235,"4,5",4,5,2,23,500,bare,0,0,0,0,0,0,0,Grant Hoffer
235,"4,6",4,6,2,23,500,bare,0,0,0,0,0,0,0,Grant Hoffer
237,"1,4",1,4,2,23,5000,bare,0,0,0,0,0,0,0,Grant Hoffer
237,"1,5",1,5,2,23,5000,bare,0,2,0,0,0,0,0,Grant Hoffer
237,"1,6",1,6,2,23,5000,bare,2,0,0,0,0,0,0,Grant Hoffer
237,"2,4",2,4,2,23,5000,bare,0,2,0,0,0,0,0,Grant Hoffer
237,"2,5",2,5,2,23,5000,bare,0,2,1,0,0,0,0,Grant Hoffer
237,"2,6",2,6,2,23,5000,bare,0,1,0,0,0,0,0,Grant Hoffer
237,"3,4",3,4,2,23,5000,bare,0,4,0,0,0,0,0,Grant Hoffer
237,"3,5",3,5,2,23,5000,bare,0,1,1,0,0,0,0,Grant Hoffer
237,"3,6",3,6,2,23,5000,bare,3,0,0,0,0,0,0,Grant Hoffer
237,"4,4",4,4,2,23,5000,bare,0,0,0,0,0,0,0,Grant Hoffer
237,"4,5",4,5,2,23,5000,bare,0,0,0,0,0,0,0,Grant Hoffer
237,"4,6",4,6,2,23,5000,bare,2,0,0,0,0,0,0,Grant Hoffer
239,"1,1",1,1,2,23,50,bare,0,0,0,0,0,0,0,Grant Hoffer
239,"1,2",1,2,2,23,50,bare,0,0,0,0,0,0,0,Grant Hoffer
239,"1,3",1,3,2,23,50,bare,0,0,0,0,0,0,0,Grant Hoffer
239,"2,1",2,1,2,23,50,bare,0,0,0,0,0,0,0,Grant Hoffer
239,"2,2",2,2,2,23,50,bare,0,0,0,0,0,0,0,Grant Hoffer
239,"2,3",2,3,2,23,50,bare,0,0,0,0,0,0,0,Grant Hoffer
239,"3,1",3,1,2,23,50,bare,0,0,0,0,0,0,0,Grant Hoffer
239,"3,2",3,2,2,23,50,bare,0,0,0,0,0,0,0,Grant Hoffer
239,"3,3",3,3,2,23,50,bare,0,0,0,0,0,0,0,Grant Hoffer
239,"4,1",4,1,2,23,50,bare,0,1,0,0,0,0,0,Grant Hoffer
239,"4,2",4,2,2,23,50,bare,0,0,0,0,0,0,0,Grant Hoffer
239,"4,3",4,3,2,23,50,bare,0,0,0,0,0,0,0,Grant Hoffer
243,"1,1",1,1,2,24,500,hdr,0,0,0,0,0,0,0,Laurel Wellman
243,"1,2",1,2,2,24,500,hdr,0,1,0,0,0,0,0,Laurel Wellman
243,"1,3",1,3,2,24,500,hdr,0,2,0,0,0,0,0,Laurel Wellman
243,"2,1",2,1,2,24,500,hdr,1,1,0,0,0,0,0,Laurel Wellman
243,"2,2",2,2,2,24,500,hdr,0,1,0,0,0,0,0,Laurel Wellman
243,"2,3",2,3,2,24,500,hdr,0,0,0,0,0,0,0,Laurel Wellman
243,"3,1",3,1,2,24,500,hdr,0,0,0,0,0,0,0,Laurel Wellman
243,"3,2",3,2,2,24,500,hdr,0,0,0,0,0,0,0,Laurel Wellman
243,"3,3",3,3,2,24,500,hdr,0,1,0,0,0,0,0,Laurel Wellman
243,"4,1",4,1,2,24,500,hdr,0,0,0,0,0,0,0,Laurel Wellman
243,"4,2",4,2,2,24,500,hdr,0,0,0,0,0,0,0,Laurel Wellman
243,"4,3",4,3,2,24,500,hdr,0,0,0,0,0,0,0,Laurel Wellman
245,"1,4",1,4,2,24,50,hdr,0,0,0,0,0,0,0,Laurel Wellman
245,"1,5",1,5,2,24,50,hdr,0,0,0,0,0,0,0,Laurel Wellman
245,"1,6",1,6,2,24,50,hdr,0,0,0,0,0,0,0,Laurel Wellman
245,"2,4",2,4,2,24,50,hdr,0,0,0,0,0,0,0,Laurel Wellman
245,"2,5",2,5,2,24,50,hdr,0,0,0,0,0,0,0,Laurel Wellman
245,"2,6",2,6,2,24,50,hdr,0,0,0,0,0,0,0,Laurel Wellman
245,"3,4",3,4,2,24,50,hdr,0,0,0,0,0,0,0,Laurel Wellman
245,"3,5",3,5,2,24,50,hdr,0,0,0,0,0,0,0,Laurel Wellman
245,"3,6",3,6,2,24,50,hdr,0,0,0,0,0,0,0,Laurel Wellman
245,"4,4",4,4,2,24,50,hdr,0,0,0,0,0,0,0,Laurel Wellman
245,"4,5",4,5,2,24,50,hdr,0,0,0,0,0,0,0,Laurel Wellman
245,"4,6",4,6,2,24,50,hdr,0,0,0,0,0,0,0,Laurel Wellman
246,"1,4",1,4,2,24,50000,hdr,0,16,0,0,0,0,0,Laurel Wellman
246,"1,5",1,5,2,24,50000,hdr,0,12,0,0,0,0,0,Laurel Wellman
246,"1,6",1,6,2,24,50000,hdr,0,5,0,0,0,0,0,Laurel Wellman
246,"2,4",2,4,2,24,50000,hdr,0,22,0,0,0,0,0,Laurel Wellman
246,"2,5",2,5,2,24,50000,hdr,0,22,0,0,0,0,0,Laurel Wellman
246,"2,6",2,6,2,24,50000,hdr,0,30,0,0,0,0,0,Laurel Wellman
246,"3,4",3,4,2,24,50000,hdr,0,8,0,0,0,0,0,Laurel Wellman
246,"3,5",3,5,2,24,50000,hdr,0,15,0,0,0,0,0,Laurel Wellman
246,"3,6",3,6,2,24,50000,hdr,0,26,0,0,0,0,0,Laurel Wellman
246,"4,4",4,4,2,24,50000,hdr,0,15,0,0,0,0,0,Laurel Wellman
246,"4,5",4,5,2,24,50000,hdr,0,4,0,0,0,0,0,Laurel Wellman
246,"4,6",4,6,2,24,50000,hdr,0,1,0,0,0,0,0,Laurel Wellman
249,"1,4",1,4,2,24,5000,hdr,0,0,0,0,0,0,0,Laurel Wellman
249,"1,5",1,5,2,24,5000,hdr,0,0,0,0,0,0,0,Laurel Wellman
249,"1,6",1,6,2,24,5000,hdr,0,0,0,0,0,0,0,Laurel Wellman
249,"2,4",2,4,2,24,5000,hdr,0,0,0,0,0,0,0,Laurel Wellman
249,"2,5",2,5,2,24,5000,hdr,0,0,0,0,0,0,0,Laurel Wellman
249,"2,6",2,6,2,24,5000,hdr,0,2,0,0,0,0,0,Laurel Wellman
249,"3,4",3,4,2,24,5000,hdr,0,0,0,0,0,0,0,Laurel Wellman
249,"3,5",3,5,2,24,5000,hdr,0,0,0,0,0,0,0,Laurel Wellman
249,"3,6",3,6,2,24,5000,hdr,0,1,0,0,0,0,0,Laurel Wellman
249,"4,4",4,4,2,24,5000,hdr,0,2,0,0,0,0,0,Laurel Wellman
249,"4,5",4,5,2,24,5000,hdr,0,2,0,0,0,0,0,Laurel Wellman
249,"4,6",4,6,2,24,5000,hdr,0,0,0,0,0,0,0,Laurel Wellman
252,"1,1",1,1,2,25,50,ldr,0,0,0,0,0,0,0,Grant Hoffer
252,"1,2",1,2,2,25,50,ldr,0,0,0,0,0,0,0,Grant Hoffer
252,"1,3",1,3,2,25,50,ldr,0,0,0,0,0,0,0,Grant Hoffer
252,"2,1",2,1,2,25,50,ldr,0,0,0,0,0,0,0,Grant Hoffer
252,"2,2",2,2,2,25,50,ldr,0,0,0,0,0,0,0,Grant Hoffer
252,"2,3",2,3,2,25,50,ldr,0,0,0,0,0,0,0,Grant Hoffer
252,"3,1",3,1,2,25,50,ldr,0,0,0,0,0,0,0,Grant Hoffer
252,"3,2",3,2,2,25,50,ldr,0,0,0,0,0,0,0,Grant Hoffer
252,"3,3",3,3,2,25,50,ldr,0,0,0,0,0,0,0,Grant Hoffer
252,"4,1",4,1,2,25,50,ldr,0,0,0,0,0,0,0,Grant Hoffer
252,"4,2",4,2,2,25,50,ldr,0,0,0,0,0,0,0,Grant Hoffer
252,"4,3",4,3,2,25,50,ldr,0,0,0,0,0,0,0,Grant Hoffer
253,"1,4",1,4,2,25,500,ldr,1,4,0,0,0,0,0,Grant Hoffer
253,"1,5",1,5,2,25,500,ldr,0,1,0,0,0,0,0,Grant Hoffer
253,"1,6",1,6,2,25,500,ldr,0,0,0,0,0,0,0,Grant Hoffer
253,"2,4",2,4,2,25,500,ldr,0,0,0,0,0,0,0,Grant Hoffer
253,"2,5",2,5,2,25,500,ldr,0,0,0,0,0,0,0,Grant Hoffer
253,"2,6",2,6,2,25,500,ldr,0,0,0,0,0,0,0,Grant Hoffer
253,"3,4",3,4,2,25,500,ldr,1,3,0,0,0,0,0,Grant Hoffer
253,"3,5",3,5,2,25,500,ldr,0,1,0,0,0,0,0,Grant Hoffer
253,"3,6",3,6,2,25,500,ldr,0,0,0,0,0,0,0,Grant Hoffer
253,"4,4",4,4,2,25,500,ldr,0,0,0,0,0,0,0,Grant Hoffer
253,"4,5",4,5,2,25,500,ldr,0,2,0,0,0,0,0,Grant Hoffer
253,"4,6",4,6,2,25,500,ldr,0,0,0,0,0,0,0,Grant Hoffer
257,"1,4",1,4,2,25,5000,ldr,1,9,0,0,0,0,0,Grant Hoffer
257,"1,5",1,5,2,25,5000,ldr,0,7,0,0,0,0,0,Grant Hoffer
257,"1,6",1,6,2,25,5000,ldr,0,2,0,0,0,0,0,Grant Hoffer
257,"2,4",2,4,2,25,5000,ldr,1,1,0,0,0,0,0,Grant Hoffer
257,"2,5",2,5,2,25,5000,ldr,0,1,0,0,0,0,0,Grant Hoffer
257,"2,6",2,6,2,25,5000,ldr,1,2,0,0,0,0,0,Grant Hoffer
257,"3,4",3,4,2,25,5000,ldr,0,0,0,0,0,0,0,Grant Hoffer
257,"3,5",3,5,2,25,5000,ldr,0,2,0,0,0,0,0,Grant Hoffer
257,"3,6",3,6,2,25,5000,ldr,0,2,0,0,0,0,0,Grant Hoffer
257,"4,4",4,4,2,25,5000,ldr,0,1,0,0,0,0,0,Grant Hoffer
257,"4,5",4,5,2,25,5000,ldr,0,0,0,0,0,0,0,Grant Hoffer
257,"4,6",4,6,2,25,5000,ldr,0,3,0,0,0,0,0,Grant Hoffer
259,"1,4",1,4,2,25,50000,ldr,0,14,0,0,0,0,0,Grant Hoffer
259,"1,5",1,5,2,25,50000,ldr,0,9,0,0,0,0,0,Grant Hoffer
259,"1,6",1,6,2,25,50000,ldr,4,8,0,0,0,0,0,Grant Hoffer
259,"2,4",2,4,2,25,50000,ldr,4,33,0,0,0,0,0,Grant Hoffer
259,"2,5",2,5,2,25,50000,ldr,12,37,0,0,0,0,0,Grant Hoffer
259,"2,6",2,6,2,25,50000,ldr,0,14,0,0,0,0,0,Grant Hoffer
259,"3,4",3,4,2,25,50000,ldr,3,19,0,0,0,0,0,Grant Hoffer
259,"3,5",3,5,2,25,50000,ldr,3,30,0,0,0,0,0,Grant Hoffer
259,"3,6",3,6,2,25,50000,ldr,1,23,0,0,0,0,0,Grant Hoffer
259,"4,4",4,4,2,25,50000,ldr,1,3,0,0,0,0,0,Grant Hoffer
259,"4,5",4,5,2,25,50000,ldr,2,9,0,0,0,0,0,Grant Hoffer
259,"4,6",4,6,2,25,50000,ldr,0,6,0,0,0,0,0,Grant Hoffer
311,"1,4",1,4,3,31,500,ldshoots,0,0,0,0,0,0,0,Laurel Wellman
311,"1,5",1,5,3,31,500,ldshoots,2,0,0,0,0,0,0,Laurel Wellman
311,"1,6",1,6,3,31,500,ldshoots,0,0,0,0,0,0,0,Laurel Wellman
311,"2,4",2,4,3,31,500,ldshoots,0,0,0,0,0,0,0,Laurel Wellman
311,"2,5",2,5,3,31,500,ldshoots,0,0,0,0,0,0,0,Laurel Wellman
311,"2,6",2,6,3,31,500,ldshoots,0,0,0,0,0,0,0,Laurel Wellman
311,"3,4",3,4,3,31,500,ldshoots,0,0,0,0,0,0,0,Laurel Wellman
311,"3,5",3,5,3,31,500,ldshoots,1,0,0,0,0,0,0,Laurel Wellman
311,"3,6",3,6,3,31,500,ldshoots,0,0,0,0,0,0,0,Laurel Wellman
311,"4,4",4,4,3,31,500,ldshoots,0,0,0,0,0,0,0,Laurel Wellman
311,"4,5",4,5,3,31,500,ldshoots,0,0,0,0,0,0,0,Laurel Wellman
311,"4,6",4,6,3,31,500,ldshoots,0,0,0,0,0,0,0,Laurel Wellman
312,"1,4",1,4,3,31,50,ldshoots,0,0,0,0,0,0,0,Laurel Wellman
312,"1,5",1,5,3,31,50,ldshoots,0,0,0,0,0,0,0,Laurel Wellman
312,"1,6",1,6,3,31,50,ldshoots,0,0,0,0,0,0,0,Laurel Wellman
312,"2,4",2,4,3,31,50,ldshoots,0,0,0,0,0,0,0,Laurel Wellman
312,"2,5",2,5,3,31,50,ldshoots,0,0,0,0,0,0,0,Laurel Wellman
312,"2,6",2,6,3,31,50,ldshoots,0,0,0,0,0,0,0,Laurel Wellman
312,"3,4",3,4,3,31,50,ldshoots,0,0,0,0,0,0,0,Laurel Wellman
312,"3,5",3,5,3,31,50,ldshoots,0,1,0,0,0,0,0,Laurel Wellman
312,"3,6",3,6,3,31,50,ldshoots,0,0,0,0,0,0,0,Laurel Wellman
312,"4,4",4,4,3,31,50,ldshoots,0,0,0,0,0,0,0,Laurel Wellman
312,"4,5",4,5,3,31,50,ldshoots,0,0,0,0,0,0,0,Laurel Wellman
312,"4,6",4,6,3,31,50,ldshoots,0,0,0,0,0,0,0,Laurel Wellman
313,"1,4",1,4,3,31,5000,ldshoots,0,6,1,0,0,0,0,Laurel Wellman
313,"1,5",1,5,3,31,5000,ldshoots,0,5,0,1,0,0,0,Laurel Wellman
313,"1,6",1,6,3,31,5000,ldshoots,0,2,1,3,0,0,0,Laurel Wellman
313,"2,4",2,4,3,31,5000,ldshoots,0,1,1,1,0,0,0,Laurel Wellman
313,"2,5",2,5,3,31,5000,ldshoots,0,0,2,1,0,0,0,Laurel Wellman
313,"2,6",2,6,3,31,5000,ldshoots,0,5,0,0,0,0,0,Laurel Wellman
313,"3,4",3,4,3,31,5000,ldshoots,1,6,1,1,0,0,0,Laurel Wellman
313,"3,5",3,5,3,31,5000,ldshoots,0,0,2,0,0,0,0,Laurel Wellman
313,"3,6",3,6,3,31,5000,ldshoots,0,2,0,0,0,0,0,Laurel Wellman
313,"4,4",4,4,3,31,5000,ldshoots,0,0,0,0,0,0,0,Laurel Wellman
313,"4,5",4,5,3,31,5000,ldshoots,1,1,0,0,0,0,0,Laurel Wellman
313,"4,6",4,6,3,31,5000,ldshoots,0,0,0,0,0,0,0,Laurel Wellman
316,"1,4",1,4,3,31,50000,ldshoots,1,18,20,10,1,0,0,Laurel Wellman
316,"1,5",1,5,3,31,50000,ldshoots,0,17,6,6,0,0,0,Laurel Wellman
316,"1,6",1,6,3,31,50000,ldshoots,3,3,6,13,0,0,0,Laurel Wellman
316,"2,4",2,4,3,31,50000,ldshoots,2,118,13,14,1,0,0,Laurel Wellman
316,"2,5",2,5,3,31,50000,ldshoots,6,29,8,13,0,0,0,Laurel Wellman
316,"2,6",2,6,3,31,50000,ldshoots,1,18,2,4,0,0,0,Laurel Wellman
316,"3,4",3,4,3,31,50000,ldshoots,5,44,11,7,0,0,0,Laurel Wellman
316,"3,5",3,5,3,31,50000,ldshoots,1,10,6,4,0,0,0,Laurel Wellman
316,"3,6",3,6,3,31,50000,ldshoots,0,28,13,6,2,0,0,Laurel Wellman
316,"4,4",4,4,3,31,50000,ldshoots,0,35,3,9,2,0,0,Laurel Wellman
316,"4,5",4,5,3,31,50000,ldshoots,1,32,2,6,1,0,0,Laurel Wellman
316,"4,6",4,6,3,31,50000,ldshoots,12,1,5,4,2,0,0,Laurel Wellman
317,"1,4",1,4,3,31,200000,ldshoots,8,103,20,13,0,0,0,Laurel Wellman
317,"1,5",1,5,3,31,200000,ldshoots,5,32,13,9,4,0,0,Laurel Wellman
317,"1,6",1,6,3,31,200000,ldshoots,6,31,10,10,6,0,0,Laurel Wellman
317,"2,4",2,4,3,31,200000,ldshoots,12,172,25,27,4,0,0,Laurel Wellman
317,"2,5",2,5,3,31,200000,ldshoots,6,159,22,24,9,0,0,Laurel Wellman
317,"2,6",2,6,3,31,200000,ldshoots,2,60,17,18,1,0,0,Laurel Wellman
317,"3,4",3,4,3,31,200000,ldshoots,4,231,13,15,2,0,0,Laurel Wellman
317,"3,5",3,5,3,31,200000,ldshoots,2,244,20,6,7,1,0,Laurel Wellman
317,"3,6",3,6,3,31,200000,ldshoots,2,65,27,15,7,1,0,Laurel Wellman
317,"4,4",4,4,3,31,200000,ldshoots,6,157,11,24,2,0,0,Laurel Wellman
317,"4,5",4,5,3,31,200000,ldshoots,1,177,23,8,2,0,0,Laurel Wellman
317,"4,6",4,6,3,31,200000,ldshoots,8,9,12,10,0,0,0,Laurel Wellman
320,"1,1",1,1,3,32,500,bare,0,0,0,0,0,0,0,Laurel Wellman
320,"1,2",1,2,3,32,500,bare,0,0,0,0,0,0,0,Laurel Wellman
320,"1,3",1,3,3,32,500,bare,0,1,0,0,0,0,0,Laurel Wellman
320,"2,1",2,1,3,32,500,bare,0,0,0,0,0,0,0,Laurel Wellman
320,"2,2",2,2,3,32,500,bare,0,0,0,0,0,0,0,Laurel Wellman
320,"2,3",2,3,3,32,500,bare,0,0,0,0,0,0,0,Laurel Wellman
320,"3,1",3,1,3,32,500,bare,0,0,0,0,0,0,0,Laurel Wellman
320,"3,2",3,2,3,32,500,bare,0,0,0,0,0,0,0,Laurel Wellman
320,"3,3",3,3,3,32,500,bare,0,0,0,0,0,0,0,Laurel Wellman
320,"4,1",4,1,3,32,500,bare,0,0,0,0,0,0,0,Laurel Wellman
320,"4,2",4,2,3,32,500,bare,0,0,0,0,0,0,0,Laurel Wellman
320,"4,3",4,3,3,32,500,bare,0,0,0,0,0,0,0,Laurel Wellman
321,"1,4",1,4,3,32,200000,bare,0,31,5,6,1,0,0,Laurel Wellman
321,"1,5",1,5,3,32,200000,bare,0,22,2,3,0,0,0,Laurel Wellman
321,"1,6",1,6,3,32,200000,bare,0,30,5,0,0,0,0,Laurel Wellman
321,"2,4",2,4,3,32,200000,bare,0,57,8,1,0,0,0,Laurel Wellman
321,"2,5",2,5,3,32,200000,bare,0,125,13,6,0,0,0,Laurel Wellman
321,"2,6",2,6,3,32,200000,bare,0,71,10,6,0,0,0,Laurel Wellman
321,"3,4",3,4,3,32,200000,bare,0,30,4,2,0,0,0,Laurel Wellman
321,"3,5",3,5,3,32,200000,bare,0,25,11,2,1,0,0,Laurel Wellman
321,"3,6",3,6,3,32,200000,bare,0,17,4,2,0,0,0,Laurel Wellman
321,"4,4",4,4,3,32,200000,bare,0,11,0,0,0,0,0,Laurel Wellman
321,"4,5",4,5,3,32,200000,bare,0,16,0,0,0,0,0,Laurel Wellman
321,"4,6",4,6,3,32,200000,bare,0,23,1,0,0,0,0,Laurel Wellman
325,"1,4",1,4,3,32,50,bare,0,0,0,0,0,0,0,Laurel Wellman
325,"1,5",1,5,3,32,50,bare,0,0,0,0,0,0,0,Laurel Wellman
325,"1,6",1,6,3,32,50,bare,0,0,0,0,0,0,0,Laurel Wellman
325,"2,4",2,4,3,32,50,bare,0,0,0,0,0,0,0,Laurel Wellman
325,"2,5",2,5,3,32,50,bare,0,0,0,0,0,0,0,Laurel Wellman
325,"2,6",2,6,3,32,50,bare,0,0,0,0,0,0,0,Laurel Wellman
325,"3,4",3,4,3,32,50,bare,0,0,0,0,0,0,0,Laurel Wellman
325,"3,5",3,5,3,32,50,bare,0,0,1,0,0,0,0,Laurel Wellman
325,"3,6",3,6,3,32,50,bare,0,0,0,0,0,0,0,Laurel Wellman
325,"4,4",4,4,3,32,50,bare,0,0,0,0,0,0,0,Laurel Wellman
325,"4,5",4,5,3,32,50,bare,0,0,0,0,0,0,0,Laurel Wellman
325,"4,6",4,6,3,32,50,bare,0,1,0,0,0,0,0,Laurel Wellman
328,"1,4",1,4,3,32,50000,bare,0,25,5,7,1,0,0,Laurel Wellman
328,"1,5",1,5,3,32,50000,bare,0,10,2,1,0,0,0,Laurel Wellman
328,"1,6",1,6,3,32,50000,bare,0,5,4,3,0,0,0,Laurel Wellman
328,"2,4",2,4,3,32,50000,bare,0,10,1,5,3,0,0,Laurel Wellman
328,"2,5",2,5,3,32,50000,bare,0,12,6,2,2,0,0,Laurel Wellman
328,"2,6",2,6,3,32,50000,bare,0,5,2,5,3,0,0,Laurel Wellman
328,"3,4",3,4,3,32,50000,bare,0,15,6,1,1,0,0,Laurel Wellman
328,"3,5",3,5,3,32,50000,bare,0,5,8,4,0,0,0,Laurel Wellman
328,"3,6",3,6,3,32,50000,bare,0,29,6,2,0,0,0,Laurel Wellman
328,"4,4",4,4,3,32,50000,bare,0,7,5,6,1,0,0,Laurel Wellman
328,"4,5",4,5,3,32,50000,bare,0,14,4,2,1,0,0,Laurel Wellman
328,"4,6",4,6,3,32,50000,bare,0,15,2,5,0,0,0,Laurel Wellman
329,"1,4",1,4,3,32,5000,bare,0,1,0,0,0,0,0,Laurel Wellman
329,"1,5",1,5,3,32,5000,bare,0,0,1,0,0,0,0,Laurel Wellman
329,"1,6",1,6,3,32,5000,bare,0,0,0,1,0,0,0,Laurel Wellman
329,"2,4",2,4,3,32,5000,bare,0,1,0,1,0,0,0,Laurel Wellman
329,"2,5",2,5,3,32,5000,bare,0,0,1,0,0,0,0,Laurel Wellman
329,"2,6",2,6,3,32,5000,bare,0,0,0,0,0,0,0,Laurel Wellman
329,"3,4",3,4,3,32,5000,bare,0,2,1,0,0,0,0,Laurel Wellman
329,"3,5",3,5,3,32,5000,bare,0,3,0,0,0,0,0,Laurel Wellman
329,"3,6",3,6,3,32,5000,bare,0,2,0,0,0,0,0,Laurel Wellman
329,"4,4",4,4,3,32,5000,bare,0,1,0,0,0,0,0,Laurel Wellman
329,"4,5",4,5,3,32,5000,bare,0,0,2,1,0,0,0,Laurel Wellman
329,"4,6",4,6,3,32,5000,bare,0,0,0,0,0,0,0,Laurel Wellman
331,"1,4",1,4,3,33,5000,hdr,0,3,11,0,0,0,0,Laurel Wellman
331,"1,5",1,5,3,33,5000,hdr,0,5,4,0,0,0,0,Laurel Wellman
331,"1,6",1,6,3,33,5000,hdr,0,3,3,0,0,0,0,Laurel Wellman
331,"2,4",2,4,3,33,5000,hdr,0,22,6,0,0,0,0,Laurel Wellman
331,"2,5",2,5,3,33,5000,hdr,0,6,1,0,0,0,0,Laurel Wellman
331,"2,6",2,6,3,33,5000,hdr,0,3,0,0,0,0,0,Laurel Wellman
331,"3,4",3,4,3,33,5000,hdr,0,8,2,0,0,0,0,Laurel Wellman
331,"3,5",3,5,3,33,5000,hdr,0,15,7,0,0,0,0,Laurel Wellman
331,"3,6",3,6,3,33,5000,hdr,0,17,2,0,0,0,0,Laurel Wellman
331,"4,4",4,4,3,33,5000,hdr,0,3,1,0,0,0,0,Laurel Wellman
331,"4,5",4,5,3,33,5000,hdr,0,7,4,0,0,0,0,Laurel Wellman
331,"4,6",4,6,3,33,5000,hdr,0,6,2,0,0,0,0,Laurel Wellman
334,"1,4",1,4,3,33,50000,hdr,0,76,9,0,0,0,0,Laurel Wellman
334,"1,5",1,5,3,33,50000,hdr,0,71,2,0,0,0,0,Laurel Wellman
334,"1,6",1,6,3,33,50000,hdr,0,16,1,0,0,0,0,Laurel Wellman
334,"2,4",2,4,3,33,50000,hdr,0,115,3,0,0,0,0,Laurel Wellman
334,"2,5",2,5,3,33,50000,hdr,0,75,1,0,0,0,0,Laurel Wellman
334,"2,6",2,6,3,33,50000,hdr,0,31,6,0,0,0,0,Laurel Wellman
334,"3,4",3,4,3,33,50000,hdr,0,160,2,0,0,0,0,Laurel Wellman
334,"3,5",3,5,3,33,50000,hdr,0,96,4,0,0,0,0,Laurel Wellman
334,"3,6",3,6,3,33,50000,hdr,0,6,0,0,0,0,0,Laurel Wellman
334,"4,4",4,4,3,33,50000,hdr,0,145,0,0,0,0,0,Laurel Wellman
334,"4,5",4,5,3,33,50000,hdr,0,156,0,0,0,0,0,Laurel Wellman
334,"4,6",4,6,3,33,50000,hdr,0,54,1,0,0,0,0,Laurel Wellman
335,"1,4",1,4,3,33,500,hdr,0,1,0,0,0,0,0,Laurel Wellman
335,"1,5",1,5,3,33,500,hdr,0,0,1,0,0,0,0,Laurel Wellman
335,"1,6",1,6,3,33,500,hdr,0,0,0,0,0,0,0,Laurel Wellman
335,"2,4",2,4,3,33,500,hdr,0,1,0,0,0,0,0,Laurel Wellman
335,"2,5",2,5,3,33,500,hdr,0,1,1,0,0,0,0,Laurel Wellman
335,"2,6",2,6,3,33,500,hdr,0,0,0,0,0,0,0,Laurel Wellman
335,"3,4",3,4,3,33,500,hdr,0,0,0,0,0,0,0,Laurel Wellman
335,"3,5",3,5,3,33,500,hdr,0,0,0,0,0,0,0,Laurel Wellman
335,"3,6",3,6,3,33,500,hdr,0,0,0,0,0,0,0,Laurel Wellman
335,"4,4",4,4,3,33,500,hdr,0,0,0,0,0,0,0,Laurel Wellman
335,"4,5",4,5,3,33,500,hdr,0,0,0,0,0,0,0,Laurel Wellman
335,"4,6",4,6,3,33,500,hdr,0,0,0,0,0,0,0,Laurel Wellman
336,"1,4",1,4,3,33,200000,hdr,8,69,0,0,0,0,0,Laurel Wellman
336,"1,5",1,5,3,33,200000,hdr,0,53,0,0,0,0,0,Laurel Wellman
336,"1,6",1,6,3,33,200000,hdr,2,6,0,0,0,0,0,Laurel Wellman
336,"2,4",2,4,3,33,200000,hdr,6,61,0,0,0,0,0,Laurel Wellman
336,"2,5",2,5,3,33,200000,hdr,0,85,0,0,0,0,0,Laurel Wellman
336,"2,6",2,6,3,33,200000,hdr,1,20,0,0,0,0,0,Laurel Wellman
336,"3,4",3,4,3,33,200000,hdr,1,126,3,0,0,0,0,Laurel Wellman
336,"3,5",3,5,3,33,200000,hdr,0,31,0,0,0,0,0,Laurel Wellman
336,"3,6",3,6,3,33,200000,hdr,0,71,0,0,0,0,0,Laurel Wellman
336,"4,4",4,4,3,33,200000,hdr,1,141,0,0,0,0,0,Laurel Wellman
336,"4,5",4,5,3,33,200000,hdr,0,45,0,0,0,0,0,Laurel Wellman
336,"4,6",4,6,3,33,200000,hdr,0,30,0,0,0,0,0,Laurel Wellman
337,"1,1",1,1,3,33,50,hdr,0,0,0,0,0,0,0,Laurel Wellman
337,"1,2",1,2,3,33,50,hdr,0,0,0,0,0,0,0,Laurel Wellman
337,"1,3",1,3,3,33,50,hdr,0,0,0,0,0,0,0,Laurel Wellman
337,"2,1",2,1,3,33,50,hdr,0,0,0,0,0,0,0,Laurel Wellman
337,"2,2",2,2,3,33,50,hdr,0,1,0,0,0,0,0,Laurel Wellman
337,"2,3",2,3,3,33,50,hdr,0,2,0,0,0,0,0,Laurel Wellman
337,"3,1",3,1,3,33,50,hdr,0,0,0,0,0,0,0,Laurel Wellman
337,"3,2",3,2,3,33,50,hdr,0,0,0,0,0,0,0,Laurel Wellman
337,"3,3",3,3,3,33,50,hdr,0,0,0,0,0,0,0,Laurel Wellman
337,"4,1",4,1,3,33,50,hdr,0,0,0,0,0,0,0,Laurel Wellman
337,"4,2",4,2,3,33,50,hdr,0,0,0,0,0,0,0,Laurel Wellman
337,"4,3",4,3,3,33,50,hdr,0,0,0,0,0,0,0,Laurel Wellman
340,"1,4",1,4,3,34,200000,hdshoots,4,85,35,8,0,0,0,Laurel Wellman
340,"1,5",1,5,3,34,200000,hdshoots,11,105,15,3,0,0,0,Laurel Wellman
340,"1,6",1,6,3,34,200000,hdshoots,2,105,9,2,0,0,0,Laurel Wellman
340,"2,4",2,4,3,34,200000,hdshoots,4,183,21,10,0,0,0,Laurel Wellman
340,"2,5",2,5,3,34,200000,hdshoots,2,97,12,2,0,0,0,Laurel Wellman
340,"2,6",2,6,3,34,200000,hdshoots,1,76,8,2,0,0,0,Laurel Wellman
340,"3,4",3,4,3,34,200000,hdshoots,12,136,14,16,0,0,0,Laurel Wellman
340,"3,5",3,5,3,34,200000,hdshoots,7,140,14,15,2,0,0,Laurel Wellman
340,"3,6",3,6,3,34,200000,hdshoots,0,62,10,14,0,0,0,Laurel Wellman
340,"4,4",4,4,3,34,200000,hdshoots,0,170,26,16,6,0,0,Laurel Wellman
340,"4,5",4,5,3,34,200000,hdshoots,4,187,10,10,6,0,0,Laurel Wellman
340,"4,6",4,6,3,34,200000,hdshoots,3,99,11,12,0,0,0,Laurel Wellman
342,"1,4",1,4,3,34,50,hdshoots,0,0,0,0,0,0,0,Laurel Wellman
342,"1,5",1,5,3,34,50,hdshoots,0,0,0,0,0,0,0,Laurel Wellman
342,"1,6",1,6,3,34,50,hdshoots,0,0,0,0,0,0,0,Laurel Wellman
342,"2,4",2,4,3,34,50,hdshoots,0,0,0,0,0,0,0,Laurel Wellman
342,"2,5",2,5,3,34,50,hdshoots,0,0,0,0,0,0,0,Laurel Wellman
342,"2,6",2,6,3,34,50,hdshoots,0,0,0,0,0,0,0,Laurel Wellman
342,"3,4",3,4,3,34,50,hdshoots,0,0,0,0,0,0,0,Laurel Wellman
342,"3,5",3,5,3,34,50,hdshoots,0,0,0,0,0,0,0,Laurel Wellman
342,"3,6",3,6,3,34,50,hdshoots,0,0,0,0,0,0,0,Laurel Wellman
342,"4,4",4,4,3,34,50,hdshoots,0,0,0,0,0,0,0,Laurel Wellman
342,"4,5",4,5,3,34,50,hdshoots,0,0,0,0,0,0,0,Laurel Wellman
342,"4,6",4,6,3,34,50,hdshoots,0,0,0,0,0,0,0,Laurel Wellman
345,"1,4",1,4,3,34,50000,hdshoots,0,22,4,3,0,0,0,Laurel Wellman
345,"1,5",1,5,3,34,50000,hdshoots,2,59,20,4,0,0,0,Laurel Wellman
345,"1,6",1,6,3,34,50000,hdshoots,1,38,15,4,0,0,0,Laurel Wellman
345,"2,4",2,4,3,34,50000,hdshoots,4,46,8,11,1,0,0,Laurel Wellman
345,"2,5",2,5,3,34,50000,hdshoots,2,79,16,13,1,0,0,Laurel Wellman
345,"2,6",2,6,3,34,50000,hdshoots,0,30,12,10,0,0,0,Laurel Wellman
345,"3,4",3,4,3,34,50000,hdshoots,7,35,22,11,0,0,0,Laurel Wellman
345,"3,5",3,5,3,34,50000,hdshoots,2,48,16,10,0,0,0,Laurel Wellman
345,"3,6",3,6,3,34,50000,hdshoots,3,23,8,11,3,0,0,Laurel Wellman
345,"4,4",4,4,3,34,50000,hdshoots,0,29,15,4,0,0,0,Laurel Wellman
345,"4,5",4,5,3,34,50000,hdshoots,12,12,14,7,2,0,0,Laurel Wellman
345,"4,6",4,6,3,34,50000,hdshoots,2,7,8,6,1,0,0,Laurel Wellman
347,"1,4",1,4,3,34,5000,hdshoots,2,6,5,0,0,0,0,Laurel Wellman
347,"1,5",1,5,3,34,5000,hdshoots,0,5,2,2,1,0,0,Laurel Wellman
347,"1,6",1,6,3,34,5000,hdshoots,0,1,2,2,0,0,0,Laurel Wellman
347,"2,4",2,4,3,34,5000,hdshoots,1,2,4,0,0,0,0,Laurel Wellman
347,"2,5",2,5,3,34,5000,hdshoots,0,0,2,0,0,0,0,Laurel Wellman
347,"2,6",2,6,3,34,5000,hdshoots,0,2,0,0,0,0,0,Laurel Wellman
347,"3,4",3,4,3,34,5000,hdshoots,3,1,0,1,0,0,0,Laurel Wellman
347,"3,5",3,5,3,34,5000,hdshoots,1,6,2,2,0,0,0,Laurel Wellman
347,"3,6",3,6,3,34,5000,hdshoots,2,2,4,0,0,0,0,Laurel Wellman
347,"4,4",4,4,3,34,5000,hdshoots,0,3,0,2,0,0,0,Laurel Wellman
347,"4,5",4,5,3,34,5000,hdshoots,0,0,3,2,0,0,0,Laurel Wellman
347,"4,6",4,6,3,34,5000,hdshoots,1,0,1,0,0,0,0,Laurel Wellman
349,"1,1",1,1,3,34,500,hdshoots,0,1,1,0,0,0,0,Laurel Wellman
349,"1,2",1,2,3,34,500,hdshoots,0,2,0,0,0,0,0,Laurel Wellman
349,"1,3",1,3,3,34,500,hdshoots,1,0,0,0,0,0,0,Laurel Wellman
349,"2,1",2,1,3,34,500,hdshoots,0,0,0,0,0,0,0,Laurel Wellman
349,"2,2",2,2,3,34,500,hdshoots,0,0,0,0,0,0,0,Laurel Wellman
349,"2,3",2,3,3,34,500,hdshoots,0,0,0,0,0,0,0,Laurel Wellman
349,"3,1",3,1,3,34,500,hdshoots,0,1,0,1,0,0,0,Laurel Wellman
349,"3,2",3,2,3,34,500,hdshoots,0,0,0,0,0,0,0,Laurel Wellman
349,"3,3",3,3,3,34,500,hdshoots,0,0,1,0,0,0,0,Laurel Wellman
349,"4,1",4,1,3,34,500,hdshoots,0,1,0,0,0,0,0,Laurel Wellman
349,"4,2",4,2,3,34,500,hdshoots,0,0,0,0,0,0,0,Laurel Wellman
349,"4,3",4,3,3,34,500,hdshoots,0,1,0,1,0,0,0,Laurel Wellman
350,"1,4",1,4,3,35,5000,ldr,0,14,0,0,0,0,0,Laurel Wellman
350,"1,5",1,5,3,35,5000,ldr,0,12,0,0,0,0,0,Laurel Wellman
350,"1,6",1,6,3,35,5000,ldr,0,2,0,0,0,0,0,Laurel Wellman
350,"2,4",2,4,3,35,5000,ldr,0,10,0,0,0,0,0,Laurel Wellman
350,"2,5",2,5,3,35,5000,ldr,0,5,0,0,0,0,0,Laurel Wellman
350,"2,6",2,6,3,35,5000,ldr,0,4,0,0,0,0,0,Laurel Wellman
350,"3,4",3,4,3,35,5000,ldr,0,7,0,0,0,0,0,Laurel Wellman
350,"3,5",3,5,3,35,5000,ldr,0,5,0,0,0,0,0,Laurel Wellman
350,"3,6",3,6,3,35,5000,ldr,0,2,0,0,0,0,0,Laurel Wellman
350,"4,4",4,4,3,35,5000,ldr,0,4,0,0,0,0,0,Laurel Wellman
350,"4,5",4,5,3,35,5000,ldr,0,2,0,0,0,0,0,Laurel Wellman
350,"4,6",4,6,3,35,5000,ldr,0,1,0,0,0,0,0,Laurel Wellman
353,"1,4",1,4,3,35,200000,ldr,3,59,1,0,0,0,0,Laurel Wellman
353,"1,5",1,5,3,35,200000,ldr,0,145,0,0,0,0,0,Laurel Wellman
353,"1,6",1,6,3,35,200000,ldr,0,180,0,0,0,0,0,Laurel Wellman
353,"2,4",2,4,3,35,200000,ldr,2,213,2,0,0,0,0,Laurel Wellman
353,"2,5",2,5,3,35,200000,ldr,2,227,0,0,0,0,0,Laurel Wellman
353,"2,6",2,6,3,35,200000,ldr,1,116,1,0,0,0,0,Laurel Wellman
353,"3,4",3,4,3,35,200000,ldr,6,80,1,0,0,0,0,Laurel Wellman
353,"3,5",3,5,3,35,200000,ldr,4,72,0,0,0,0,0,Laurel Wellman
353,"3,6",3,6,3,35,200000,ldr,0,58,0,0,0,0,0,Laurel Wellman
353,"4,4",4,4,3,35,200000,ldr,4,64,0,0,0,0,0,Laurel Wellman
353,"4,5",4,5,3,35,200000,ldr,4,11,0,0,0,0,0,Laurel Wellman
353,"4,6",4,6,3,35,200000,ldr,2,24,0,0,0,0,0,Laurel Wellman
354,"1,4",1,4,3,35,50000,ldr,0,51,0,0,0,0,0,Laurel Wellman
354,"1,5",1,5,3,35,50000,ldr,0,36,0,0,0,0,0,Laurel Wellman
354,"1,6",1,6,3,35,50000,ldr,0,7,0,0,0,0,0,Laurel Wellman
354,"2,4",2,4,3,35,50000,ldr,0,36,2,0,0,0,0,Laurel Wellman
354,"2,5",2,5,3,35,50000,ldr,1,53,0,0,0,0,0,Laurel Wellman
354,"2,6",2,6,3,35,50000,ldr,0,15,0,0,0,0,0,Laurel Wellman
354,"3,4",3,4,3,35,50000,ldr,0,40,0,0,0,0,0,Laurel Wellman
354,"3,5",3,5,3,35,50000,ldr,1,55,0,0,0,0,0,Laurel Wellman
354,"3,6",3,6,3,35,50000,ldr,1,17,0,0,0,0,0,Laurel Wellman
354,"4,4",4,4,3,35,50000,ldr,0,11,0,0,0,0,0,Laurel Wellman
354,"4,5",4,5,3,35,50000,ldr,1,13,0,0,0,0,0,Laurel Wellman
354,"4,6",4,6,3,35,50000,ldr,2,1,0,0,0,0,0,Laurel Wellman
356,"1,4",1,4,3,35,500,ldr,0,0,0,0,0,0,0,Laurel Wellman
356,"1,5",1,5,3,35,500,ldr,0,1,0,0,0,0,0,Laurel Wellman
356,"1,6",1,6,3,35,500,ldr,0,0,0,0,0,0,0,Laurel Wellman
356,"2,4",2,4,3,35,500,ldr,0,1,0,0,0,0,0,Laurel Wellman
356,"2,5",2,5,3,35,500,ldr,0,0,0,0,0,0,0,Laurel Wellman
356,"2,6",2,6,3,35,500,ldr,0,0,0,0,0,0,0,Laurel Wellman
356,"3,4",3,4,3,35,500,ldr,0,1,0,0,0,0,0,Laurel Wellman
356,"3,5",3,5,3,35,500,ldr,0,1,0,0,0,0,0,Laurel Wellman
356,"3,6",3,6,3,35,500,ldr,0,0,0,0,0,0,0,Laurel Wellman
356,"4,4",4,4,3,35,500,ldr,0,1,0,0,0,0,0,Laurel Wellman
356,"4,5",4,5,3,35,500,ldr,0,0,0,0,0,0,0,Laurel Wellman
356,"4,6",4,6,3,35,500,ldr,0,0,0,0,0,0,0,Laurel Wellman
359,"1,1",1,1,3,35,50,ldr,0,1,0,0,0,0,0,Laurel Wellman
359,"1,2",1,2,3,35,50,ldr,0,0,0,0,0,0,0,Laurel Wellman
359,"1,3",1,3,3,35,50,ldr,0,0,0,0,0,0,0,Laurel Wellman
359,"2,1",2,1,3,35,50,ldr,0,0,0,0,0,0,0,Laurel Wellman
359,"2,2",2,2,3,35,50,ldr,0,0,0,0,0,0,0,Laurel Wellman
359,"2,3",2,3,3,35,50,ldr,0,0,0,0,0,0,0,Laurel Wellman
359,"3,1",3,1,3,35,50,ldr,0,0,0,0,0,0,0,Laurel Wellman
359,"3,2",3,2,3,35,50,ldr,0,0,0,0,0,0,0,Laurel Wellman
359,"3,3",3,3,3,35,50,ldr,0,0,0,0,0,0,0,Laurel Wellman
359,"4,1",4,1,3,35,50,ldr,0,0,0,0,0,0,0,Laurel Wellman
359,"4,2",4,2,3,35,50,ldr,0,0,0,0,0,0,0,Laurel Wellman
359,"4,3",4,3,3,35,50,ldr,0,0,0,0,0,0,0,Laurel Wellman
411,"1,1",1,1,4,41,50,bare,0,0,0,0,0,0,0,Laurel Wellman
411,"1,2",1,2,4,41,50,bare,0,0,0,0,0,0,0,Laurel Wellman
411,"1,3",1,3,4,41,50,bare,0,0,0,0,0,0,0,Laurel Wellman
411,"2,1",2,1,4,41,50,bare,0,0,0,0,0,0,0,Laurel Wellman
411,"2,2",2,2,4,41,50,bare,0,0,0,0,0,0,0,Laurel Wellman
411,"2,3",2,3,4,41,50,bare,0,0,0,0,0,0,0,Laurel Wellman
411,"3,1",3,1,4,41,50,bare,0,0,0,0,0,0,0,Laurel Wellman
411,"3,2",3,2,4,41,50,bare,0,0,0,0,0,0,0,Laurel Wellman
411,"3,3",3,3,4,41,50,bare,0,0,0,0,0,0,0,Laurel Wellman
411,"4,1",4,1,4,41,50,bare,0,0,0,0,0,0,0,Laurel Wellman
411,"4,2",4,2,4,41,50,bare,0,0,0,0,0,0,0,Laurel Wellman
411,"4,3",4,3,4,41,50,bare,0,0,0,0,0,0,0,Laurel Wellman
414,"1,4",1,4,4,41,500,bare,0,0,0,0,0,0,0,Laurel Wellman
414,"1,5",1,5,4,41,500,bare,0,0,0,0,0,0,0,Laurel Wellman
414,"1,6",1,6,4,41,500,bare,0,0,0,0,0,0,0,Laurel Wellman
414,"2,4",2,4,4,41,500,bare,0,0,0,0,0,0,0,Laurel Wellman
414,"2,5",2,5,4,41,500,bare,0,0,0,0,0,0,0,Laurel Wellman
414,"2,6",2,6,4,41,500,bare,0,0,0,0,0,0,0,Laurel Wellman
414,"3,4",3,4,4,41,500,bare,0,1,0,0,0,0,0,Laurel Wellman
414,"3,5",3,5,4,41,500,bare,0,0,0,0,0,0,0,Laurel Wellman
414,"3,6",3,6,4,41,500,bare,0,0,0,0,0,0,0,Laurel Wellman
414,"4,4",4,4,4,41,500,bare,0,0,0,0,0,0,0,Laurel Wellman
414,"4,5",4,5,4,41,500,bare,0,0,0,0,0,0,0,Laurel Wellman
414,"4,6",4,6,4,41,500,bare,0,0,0,0,0,0,0,Laurel Wellman
415,"1,4",1,4,4,41,50000,bare,0,4,2,0,0,0,0,Laurel Wellman
415,"1,5",1,5,4,41,50000,bare,0,1,0,0,0,0,0,Laurel Wellman
415,"1,6",1,6,4,41,50000,bare,0,0,0,0,0,0,0,Laurel Wellman
415,"2,4",2,4,4,41,50000,bare,0,28,7,3,0,0,0,Laurel Wellman
415,"2,5",2,5,4,41,50000,bare,0,32,4,2,0,0,0,Laurel Wellman
415,"2,6",2,6,4,41,50000,bare,0,4,0,0,1,0,0,Laurel Wellman
415,"3,4",3,4,4,41,50000,bare,0,13,2,3,0,0,0,Laurel Wellman
415,"3,5",3,5,4,41,50000,bare,0,9,1,1,0,0,0,Laurel Wellman
415,"3,6",3,6,4,41,50000,bare,0,2,0,0,0,0,0,Laurel Wellman
415,"4,4",4,4,4,41,50000,bare,0,5,4,7,2,0,0,Laurel Wellman
415,"4,5",4,5,4,41,50000,bare,0,1,0,0,0,0,0,Laurel Wellman
415,"4,6",4,6,4,41,50000,bare,0,2,0,0,0,0,0,Laurel Wellman
418,"1,4",1,4,4,41,5000,bare,0,1,0,0,0,0,0,Laurel Wellman
418,"1,5",1,5,4,41,5000,bare,0,0,0,0,0,0,0,Laurel Wellman
418,"1,6",1,6,4,41,5000,bare,0,0,0,0,0,0,0,Laurel Wellman
418,"2,4",2,4,4,41,5000,bare,0,0,0,0,0,0,0,Laurel Wellman
418,"2,5",2,5,4,41,5000,bare,0,0,0,0,0,0,0,Laurel Wellman
418,"2,6",2,6,4,41,5000,bare,0,1,1,0,0,0,0,Laurel Wellman
418,"3,4",3,4,4,41,5000,bare,0,1,0,0,0,0,0,Laurel Wellman
418,"3,5",3,5,4,41,5000,bare,0,0,0,0,0,0,0,Laurel Wellman
418,"3,6",3,6,4,41,5000,bare,0,0,0,0,0,0,0,Laurel Wellman
418,"4,4",4,4,4,41,5000,bare,0,0,0,0,0,0,0,Laurel Wellman
418,"4,5",4,5,4,41,5000,bare,0,2,0,0,0,0,0,Laurel Wellman
418,"4,6",4,6,4,41,5000,bare,0,0,0,0,0,0,0,Laurel Wellman
423,"1,1",1,1,4,42,5000,hdshoots,0,8,0,0,0,0,0,Laurel Wellman
423,"1,2",1,2,4,42,5000,hdshoots,0,5,0,0,0,0,0,Laurel Wellman
423,"1,3",1,3,4,42,5000,hdshoots,3,15,0,0,0,0,0,Laurel Wellman
423,"2,1",2,1,4,42,5000,hdshoots,0,1,0,0,0,0,0,Laurel Wellman
423,"2,2",2,2,4,42,5000,hdshoots,0,3,2,0,0,0,0,Laurel Wellman
423,"2,3",2,3,4,42,5000,hdshoots,0,4,1,0,0,0,0,Laurel Wellman
423,"3,1",3,1,4,42,5000,hdshoots,0,0,0,0,0,0,0,Laurel Wellman
423,"3,2",3,2,4,42,5000,hdshoots,0,2,1,1,0,0,0,Laurel Wellman
423,"3,3",3,3,4,42,5000,hdshoots,0,4,0,0,0,0,0,Laurel Wellman
423,"4,1",4,1,4,42,5000,hdshoots,0,1,0,0,0,0,0,Laurel Wellman
423,"4,2",4,2,4,42,5000,hdshoots,0,2,0,1,0,0,0,Laurel Wellman
423,"4,3",4,3,4,42,5000,hdshoots,3,2,0,0,0,0,0,Laurel Wellman
424,"1,4",1,4,4,42,50,hdshoots,0,0,0,0,0,0,0,Laurel Wellman
424,"1,5",1,5,4,42,50,hdshoots,0,0,0,0,0,0,0,Laurel Wellman
424,"1,6",1,6,4,42,50,hdshoots,0,0,0,0,0,0,0,Laurel Wellman
424,"2,4",2,4,4,42,50,hdshoots,0,0,0,0,0,0,0,Laurel Wellman
424,"2,5",2,5,4,42,50,hdshoots,0,0,0,0,0,0,0,Laurel Wellman
424,"2,6",2,6,4,42,50,hdshoots,0,0,0,0,0,0,0,Laurel Wellman
424,"3,4",3,4,4,42,50,hdshoots,0,0,0,0,0,0,0,Laurel Wellman
424,"3,5",3,5,4,42,50,hdshoots,0,0,0,0,0,0,0,Laurel Wellman
424,"3,6",3,6,4,42,50,hdshoots,0,0,0,0,0,0,0,Laurel Wellman
424,"4,4",4,4,4,42,50,hdshoots,0,0,0,0,0,0,0,Laurel Wellman
424,"4,5",4,5,4,42,50,hdshoots,0,0,0,0,0,0,0,Laurel Wellman
424,"4,6",4,6,4,42,50,hdshoots,0,0,0,0,0,0,0,Laurel Wellman
428,"1,4",1,4,4,42,50000,hdshoots,1,19,3,1,0,0,0,Laurel Wellman
428,"1,5",1,5,4,42,50000,hdshoots,1,16,5,2,0,0,0,Laurel Wellman
428,"1,6",1,6,4,42,50000,hdshoots,1,1,3,0,0,0,0,Laurel Wellman
428,"2,4",2,4,4,42,50000,hdshoots,3,30,12,3,0,0,0,Laurel Wellman
428,"2,5",2,5,4,42,50000,hdshoots,2,14,9,6,0,0,0,Laurel Wellman
428,"2,6",2,6,4,42,50000,hdshoots,2,21,11,4,0,0,0,Laurel Wellman
428,"3,4",3,4,4,42,50000,hdshoots,5,18,22,5,0,0,0,Laurel Wellman
428,"3,5",3,5,4,42,50000,hdshoots,5,19,10,3,0,0,0,Laurel Wellman
428,"3,6",3,6,4,42,50000,hdshoots,3,18,10,6,0,0,0,Laurel Wellman
428,"4,4",4,4,4,42,50000,hdshoots,2,33,14,2,0,0,0,Laurel Wellman
428,"4,5",4,5,4,42,50000,hdshoots,4,11,10,4,0,0,0,Laurel Wellman
428,"4,6",4,6,4,42,50000,hdshoots,3,38,16,6,0,0,0,Laurel Wellman
429,"1,4",1,4,4,42,500,hdshoots,0,0,0,0,0,0,0,Laurel Wellman
429,"1,5",1,5,4,42,500,hdshoots,0,0,0,0,0,0,0,Laurel Wellman
429,"1,6",1,6,4,42,500,hdshoots,0,2,0,0,0,0,0,Laurel Wellman
429,"2,4",2,4,4,42,500,hdshoots,0,0,0,0,0,0,0,Laurel Wellman
429,"2,5",2,5,4,42,500,hdshoots,0,0,0,0,0,0,0,Laurel Wellman
429,"2,6",2,6,4,42,500,hdshoots,0,0,0,0,0,0,0,Laurel Wellman
429,"3,4",3,4,4,42,500,hdshoots,0,0,0,0,0,0,0,Laurel Wellman
429,"3,5",3,5,4,42,500,hdshoots,0,0,0,0,0,0,0,Laurel Wellman
429,"3,6",3,6,4,42,500,hdshoots,0,0,0,0,0,0,0,Laurel Wellman
429,"4,4",4,4,4,42,500,hdshoots,0,0,0,0,0,0,0,Laurel Wellman
429,"4,5",4,5,4,42,500,hdshoots,0,0,0,0,0,0,0,Laurel Wellman
429,"4,6",4,6,4,42,500,hdshoots,0,0,0,0,0,0,0,Laurel Wellman
431,"1,1",1,1,4,43,500,ldr,1,0,0,0,0,0,0,Laurel Wellman
431,"1,2",1,2,4,43,500,ldr,0,1,0,0,0,0,0,Laurel Wellman
431,"1,3",1,3,4,43,500,ldr,0,0,0,0,0,0,0,Laurel Wellman
431,"2,1",2,1,4,43,500,ldr,0,2,0,0,0,0,0,Laurel Wellman
431,"2,2",2,2,4,43,500,ldr,0,1,0,0,0,0,0,Laurel Wellman
431,"2,3",2,3,4,43,500,ldr,0,0,0,0,0,0,0,Laurel Wellman
431,"3,1",3,1,4,43,500,ldr,1,0,0,0,0,0,0,Laurel Wellman
431,"3,2",3,2,4,43,500,ldr,0,2,0,0,0,0,0,Laurel Wellman
431,"3,3",3,3,4,43,500,ldr,0,2,0,0,0,0,0,Laurel Wellman
431,"4,1",4,1,4,43,500,ldr,0,1,0,0,0,0,0,Laurel Wellman
431,"4,2",4,2,4,43,500,ldr,0,2,0,0,0,0,0,Laurel Wellman
431,"4,3",4,3,4,43,500,ldr,0,2,0,0,0,0,0,Laurel Wellman
433,"1,4",1,4,4,43,5000,ldr,0,11,1,0,0,0,0,Laurel Wellman
433,"1,5",1,5,4,43,5000,ldr,0,9,0,0,0,0,0,Laurel Wellman
433,"1,6",1,6,4,43,5000,ldr,0,0,0,0,0,0,0,Laurel Wellman
433,"2,4",2,4,4,43,5000,ldr,0,6,0,0,0,0,0,Laurel Wellman
433,"2,5",2,5,4,43,5000,ldr,0,4,0,0,0,0,0,Laurel Wellman
433,"2,6",2,6,4,43,5000,ldr,0,6,0,0,0,0,0,Laurel Wellman
433,"3,4",3,4,4,43,5000,ldr,0,23,0,0,0,0,0,Laurel Wellman
433,"3,5",3,5,4,43,5000,ldr,0,13,0,0,0,0,0,Laurel Wellman
433,"3,6",3,6,4,43,5000,ldr,0,5,0,0,0,0,0,Laurel Wellman
433,"4,4",4,4,4,43,5000,ldr,0,10,0,0,0,0,0,Laurel Wellman
433,"4,5",4,5,4,43,5000,ldr,0,27,0,0,0,0,0,Laurel Wellman
433,"4,6",4,6,4,43,5000,ldr,0,11,1,0,0,0,0,Laurel Wellman
435,"1,4",1,4,4,43,50,ldr,0,0,0,0,0,0,0,Laurel Wellman
435,"1,5",1,5,4,43,50,ldr,0,0,0,0,0,0,0,Laurel Wellman
435,"1,6",1,6,4,43,50,ldr,0,0,0,0,0,0,0,Laurel Wellman
435,"2,4",2,4,4,43,50,ldr,0,0,0,0,0,0,0,Laurel Wellman
435,"2,5",2,5,4,43,50,ldr,0,0,0,0,0,0,0,Laurel Wellman
435,"2,6",2,6,4,43,50,ldr,0,0,0,0,0,0,0,Laurel Wellman
435,"3,4",3,4,4,43,50,ldr,0,0,0,0,0,0,0,Laurel Wellman
435,"3,5",3,5,4,43,50,ldr,0,0,0,0,0,0,0,Laurel Wellman
435,"3,6",3,6,4,43,50,ldr,0,0,0,0,0,0,0,Laurel Wellman
435,"4,4",4,4,4,43,50,ldr,0,0,0,0,0,0,0,Laurel Wellman
435,"4,5",4,5,4,43,50,ldr,0,0,0,0,0,0,0,Laurel Wellman
435,"4,6",4,6,4,43,50,ldr,0,0,0,0,0,0,0,Laurel Wellman
436,"1,4",1,4,4,43,50000,ldr,0,26,0,0,0,0,0,Laurel Wellman
436,"1,5",1,5,4,43,50000,ldr,0,33,0,0,0,0,0,Laurel Wellman
436,"1,6",1,6,4,43,50000,ldr,0,23,0,0,0,0,0,Laurel Wellman
436,"2,4",2,4,4,43,50000,ldr,0,12,0,0,0,0,0,Laurel Wellman
436,"2,5",2,5,4,43,50000,ldr,0,8,0,0,0,0,0,Laurel Wellman
436,"2,6",2,6,4,43,50000,ldr,0,13,0,0,0,0,0,Laurel Wellman
436,"3,4",3,4,4,43,50000,ldr,0,44,0,0,0,0,0,Laurel Wellman
436,"3,5",3,5,4,43,50000,ldr,0,17,1,0,0,0,0,Laurel Wellman
436,"3,6",3,6,4,43,50000,ldr,0,11,0,0,0,0,0,Laurel Wellman
436,"4,4",4,4,4,43,50000,ldr,0,82,0,0,0,0,0,Laurel Wellman
436,"4,5",4,5,4,43,50000,ldr,0,82,3,0,0,0,0,Laurel Wellman
436,"4,6",4,6,4,43,50000,ldr,0,20,0,0,0,0,0,Laurel Wellman
442,"1,4",1,4,4,44,50000,hdr,0,71,8,1,0,0,0,Laurel Wellman
442,"1,5",1,5,4,44,50000,hdr,0,85,17,4,0,0,0,Laurel Wellman
442,"1,6",1,6,4,44,50000,hdr,0,20,3,1,0,0,0,Laurel Wellman
442,"2,4",2,4,4,44,50000,hdr,0,80,6,0,0,0,0,Laurel Wellman
442,"2,5",2,5,4,44,50000,hdr,0,143,8,0,0,0,0,Laurel Wellman
442,"2,6",2,6,4,44,50000,hdr,1,60,3,0,0,0,0,Laurel Wellman
442,"3,4",3,4,4,44,50000,hdr,2,54,4,0,0,0,0,Laurel Wellman
442,"3,5",3,5,4,44,50000,hdr,4,126,7,0,0,0,0,Laurel Wellman
442,"3,6",3,6,4,44,50000,hdr,1,119,1,0,0,0,0,Laurel Wellman
442,"4,4",4,4,4,44,50000,hdr,2,77,6,0,0,0,0,Laurel Wellman
442,"4,5",4,5,4,44,50000,hdr,8,99,6,0,0,0,0,Laurel Wellman
442,"4,6",4,6,4,44,50000,hdr,0,57,10,0,0,0,0,Laurel Wellman
443,"1,4",1,4,4,44,50,hdr,0,0,0,0,0,0,0,Laurel Wellman
443,"1,5",1,5,4,44,50,hdr,0,0,0,0,0,0,0,Laurel Wellman
443,"1,6",1,6,4,44,50,hdr,0,0,0,0,0,0,0,Laurel Wellman
443,"2,4",2,4,4,44,50,hdr,0,0,0,0,0,0,0,Laurel Wellman
443,"2,5",2,5,4,44,50,hdr,0,0,0,0,0,0,0,Laurel Wellman
443,"2,6",2,6,4,44,50,hdr,0,1,0,0,0,0,0,Laurel Wellman
443,"3,4",3,4,4,44,50,hdr,0,0,0,0,0,0,0,Laurel Wellman
443,"3,5",3,5,4,44,50,hdr,0,0,0,0,0,0,0,Laurel Wellman
443,"3,6",3,6,4,44,50,hdr,0,0,0,0,0,0,0,Laurel Wellman
443,"4,4",4,4,4,44,50,hdr,0,0,0,0,0,0,0,Laurel Wellman
443,"4,5",4,5,4,44,50,hdr,0,0,0,0,0,0,0,Laurel Wellman
443,"4,6",4,6,4,44,50,hdr,0,0,0,0,0,0,0,Laurel Wellman
445,"1,4",1,4,4,44,500,hdr,0,2,0,0,0,0,0,Laurel Wellman
445,"1,5",1,5,4,44,500,hdr,0,0,0,0,0,0,0,Laurel Wellman
445,"1,6",1,6,4,44,500,hdr,0,1,0,0,0,0,0,Laurel Wellman
445,"2,4",2,4,4,44,500,hdr,0,1,0,0,0,0,0,Laurel Wellman
445,"2,5",2,5,4,44,500,hdr,0,2,0,0,0,0,0,Laurel Wellman
445,"2,6",2,6,4,44,500,hdr,0,0,0,0,0,0,0,Laurel Wellman
445,"3,4",3,4,4,44,500,hdr,0,2,0,0,0,0,0,Laurel Wellman
445,"3,5",3,5,4,44,500,hdr,0,1,0,0,0,0,0,Laurel Wellman
445,"3,6",3,6,4,44,500,hdr,0,0,0,0,0,0,0,Laurel Wellman
445,"4,4",4,4,4,44,500,hdr,0,1,0,0,0,0,0,Laurel Wellman
445,"4,5",4,5,4,44,500,hdr,0,5,0,0,0,0,0,Laurel Wellman
445,"4,6",4,6,4,44,500,hdr,0,1,0,0,0,0,0,Laurel Wellman
448,"1,4",1,4,4,44,5000,hdr,0,18,0,0,0,0,0,Laurel Wellman
448,"1,5",1,5,4,44,5000,hdr,0,29,0,0,0,0,0,Laurel Wellman
448,"1,6",1,6,4,44,5000,hdr,1,17,0,0,0,0,0,Laurel Wellman
448,"2,4",2,4,4,44,5000,hdr,0,9,0,0,0,0,0,Laurel Wellman
448,"2,5",2,5,4,44,5000,hdr,0,28,0,0,0,0,0,Laurel Wellman
448,"2,6",2,6,4,44,5000,hdr,0,10,0,0,0,0,0,Laurel Wellman
448,"3,4",3,4,4,44,5000,hdr,0,10,0,0,0,0,0,Laurel Wellman
448,"3,5",3,5,4,44,5000,hdr,0,24,1,0,0,0,0,Laurel Wellman
448,"3,6",3,6,4,44,5000,hdr,0,2,1,0,0,0,0,Laurel Wellman
448,"4,4",4,4,4,44,5000,hdr,0,10,1,0,0,0,0,Laurel Wellman
448,"4,5",4,5,4,44,5000,hdr,0,9,2,0,0,0,0,Laurel Wellman
448,"4,6",4,6,4,44,5000,hdr,0,3,0,0,0,0,0,Laurel Wellman
452,"1,1",1,1,4,45,50,ldshoots,0,0,0,0,0,0,0,Laurel Wellman
452,"1,2",1,2,4,45,50,ldshoots,0,0,0,0,0,0,0,Laurel Wellman
452,"1,3",1,3,4,45,50,ldshoots,0,0,0,0,0,0,0,Laurel Wellman
452,"2,1",2,1,4,45,50,ldshoots,0,0,0,0,0,0,0,Laurel Wellman
452,"2,2",2,2,4,45,50,ldshoots,0,0,0,0,0,0,0,Laurel Wellman
452,"2,3",2,3,4,45,50,ldshoots,0,0,0,0,0,0,0,Laurel Wellman
452,"3,1",3,1,4,45,50,ldshoots,0,0,0,0,0,0,0,Laurel Wellman
452,"3,2",3,2,4,45,50,ldshoots,0,0,0,1,0,0,0,Laurel Wellman
452,"3,3",3,3,4,45,50,ldshoots,0,0,0,0,0,0,0,Laurel Wellman
452,"4,1",4,1,4,45,50,ldshoots,0,0,0,0,0,0,0,Laurel Wellman
452,"4,2",4,2,4,45,50,ldshoots,0,0,0,0,0,0,0,Laurel Wellman
452,"4,3",4,3,4,45,50,ldshoots,0,0,0,0,0,0,0,Laurel Wellman
455,"1,4",1,4,4,45,50000,ldshoots,0,38,11,9,0,0,0,Laurel Wellman
455,"1,5",1,5,4,45,50000,ldshoots,2,10,5,4,1,0,0,Laurel Wellman
455,"1,6",1,6,4,45,50000,ldshoots,5,4,9,2,0,0,0,Laurel Wellman
455,"2,4",2,4,4,45,50000,ldshoots,1,43,13,5,0,0,0,Laurel Wellman
455,"2,5",2,5,4,45,50000,ldshoots,4,8,6,7,1,0,0,Laurel Wellman
455,"2,6",2,6,4,45,50000,ldshoots,10,0,5,3,2,0,0,Laurel Wellman
455,"3,4",3,4,4,45,50000,ldshoots,3,26,8,4,0,0,0,Laurel Wellman
455,"3,5",3,5,4,45,50000,ldshoots,4,0,1,3,0,0,0,Laurel Wellman
455,"3,6",3,6,4,45,50000,ldshoots,2,4,3,2,1,0,0,Laurel Wellman
455,"4,4",4,4,4,45,50000,ldshoots,2,3,4,6,0,0,0,Laurel Wellman
455,"4,5",4,5,4,45,50000,ldshoots,6,0,1,1,0,0,0,Laurel Wellman
455,"4,6",4,6,4,45,50000,ldshoots,3,4,1,1,0,0,0,Laurel Wellman
456,"1,4",1,4,4,45,500,ldshoots,0,0,0,0,0,0,0,Laurel Wellman
456,"1,5",1,5,4,45,500,ldshoots,0,0,0,0,0,0,0,Laurel Wellman
456,"1,6",1,6,4,45,500,ldshoots,0,0,0,0,0,0,0,Laurel Wellman
456,"2,4",2,4,4,45,500,ldshoots,0,0,0,0,0,0,0,Laurel Wellman
456,"2,5",2,5,4,45,500,ldshoots,0,0,0,0,0,0,0,Laurel Wellman
456,"2,6",2,6,4,45,500,ldshoots,0,0,0,0,0,0,0,Laurel Wellman
456,"3,4",3,4,4,45,500,ldshoots,0,0,0,0,0,0,0,Laurel Wellman
456,"3,5",3,5,4,45,500,ldshoots,0,0,0,0,0,0,0,Laurel Wellman
456,"3,6",3,6,4,45,500,ldshoots,0,0,0,0,0,0,0,Laurel Wellman
456,"4,4",4,4,4,45,500,ldshoots,0,0,0,0,0,0,0,Laurel Wellman
456,"4,5",4,5,4,45,500,ldshoots,0,0,1,0,0,0,0,Laurel Wellman
456,"4,6",4,6,4,45,500,ldshoots,0,0,1,0,0,0,0,Laurel Wellman
458,"1,4",1,4,4,45,5000,ldshoots,0,7,3,1,0,0,0,Laurel Wellman
458,"1,5",1,5,4,45,5000,ldshoots,0,2,2,0,0,0,0,Laurel Wellman
458,"1,6",1,6,4,45,5000,ldshoots,0,1,0,0,0,0,0,Laurel Wellman
458,"2,4",2,4,4,45,5000,ldshoots,0,1,1,1,0,0,0,Laurel Wellman
458,"2,5",2,5,4,45,5000,ldshoots,0,1,0,0,0,0,0,Laurel Wellman
458,"2,6",2,6,4,45,5000,ldshoots,0,0,0,0,0,0,0,Laurel Wellman
458,"3,4",3,4,4,45,5000,ldshoots,0,0,4,1,0,0,0,Laurel Wellman
458,"3,5",3,5,4,45,5000,ldshoots,1,0,0,0,0,0,0,Laurel Wellman
458,"3,6",3,6,4,45,5000,ldshoots,0,0,0,0,0,0,0,Laurel Wellman
458,"4,4",4,4,4,45,5000,ldshoots,0,1,1,0,0,0,0,Laurel Wellman
458,"4,5",4,5,4,45,5000,ldshoots,0,0,0,0,0,0,0,Laurel Wellman
458,"4,6",4,6,4,45,5000,ldshoots,1,0,0,1,0,0,0,Laurel Wellman
513,"1,1",1,1,5,51,500,hdshoots,0,0,0,0,0,0,0,Abbe Hamilton
513,"1,2",1,2,5,51,500,hdshoots,0,0,0,0,0,0,0,Abbe Hamilton
513,"1,3",1,3,5,51,500,hdshoots,0,0,0,0,0,0,0,Abbe Hamilton
513,"2,1",2,1,5,51,500,hdshoots,0,0,0,0,0,0,0,Abbe Hamilton
513,"2,2",2,2,5,51,500,hdshoots,0,0,0,0,0,0,0,Abbe Hamilton
513,"2,3",2,3,5,51,500,hdshoots,3,1,1,0,0,0,0,Abbe Hamilton
513,"3,1",3,1,5,51,500,hdshoots,0,0,0,0,0,0,0,Abbe Hamilton
513,"3,2",3,2,5,51,500,hdshoots,0,0,0,0,0,0,0,Abbe Hamilton
513,"3,3",3,3,5,51,500,hdshoots,0,0,0,0,0,0,0,Abbe Hamilton
513,"4,1",4,1,5,51,500,hdshoots,0,0,1,0,0,0,0,Abbe Hamilton
513,"4,2",4,2,5,51,500,hdshoots,1,0,0,0,0,0,0,Abbe Hamilton
513,"4,3",4,3,5,51,500,hdshoots,0,0,0,0,0,0,0,Abbe Hamilton
515,"1,4",1,4,5,51,5000,hdshoots,1,5,1,2,0,0,0,Abbe Hamilton
515,"1,5",1,5,5,51,5000,hdshoots,4,7,1,0,0,0,0,Abbe Hamilton
515,"1,6",1,6,5,51,5000,hdshoots,0,6,7,6,0,0,0,Abbe Hamilton
515,"2,4",2,4,5,51,5000,hdshoots,0,1,5,0,0,0,0,Abbe Hamilton
515,"2,5",2,5,5,51,5000,hdshoots,2,4,1,1,0,0,0,Abbe Hamilton
515,"2,6",2,6,5,51,5000,hdshoots,0,0,2,0,0,0,0,Abbe Hamilton
515,"3,4",3,4,5,51,5000,hdshoots,1,2,4,1,0,0,0,Abbe Hamilton
515,"3,5",3,5,5,51,5000,hdshoots,0,2,3,1,0,0,0,Abbe Hamilton
515,"3,6",3,6,5,51,5000,hdshoots,0,4,2,0,0,0,0,Abbe Hamilton
515,"4,4",4,4,5,51,5000,hdshoots,0,0,0,1,1,0,0,Abbe Hamilton
515,"4,5",4,5,5,51,5000,hdshoots,0,0,1,0,0,0,0,Abbe Hamilton
515,"4,6",4,6,5,51,5000,hdshoots,0,0,0,1,0,0,0,Abbe Hamilton
516,"1,4",1,4,5,51,50000,hdshoots,7,10,1,2,0,0,0,Abbe Hamilton
516,"1,5",1,5,5,51,50000,hdshoots,4,19,4,1,0,0,0,Abbe Hamilton
516,"1,6",1,6,5,51,50000,hdshoots,1,5,3,0,0,0,0,Abbe Hamilton
516,"2,4",2,4,5,51,50000,hdshoots,6,50,8,3,0,0,0,Abbe Hamilton
516,"2,5",2,5,5,51,50000,hdshoots,3,35,14,9,0,0,0,Abbe Hamilton
516,"2,6",2,6,5,51,50000,hdshoots,3,20,5,0,0,0,0,Abbe Hamilton
516,"3,4",3,4,5,51,50000,hdshoots,8,15,25,7,0,0,0,Abbe Hamilton
516,"3,5",3,5,5,51,50000,hdshoots,0,45,21,7,0,0,0,Abbe Hamilton
516,"3,6",3,6,5,51,50000,hdshoots,3,6,10,5,0,0,0,Abbe Hamilton
516,"4,4",4,4,5,51,50000,hdshoots,5,41,11,5,0,0,0,Abbe Hamilton
516,"4,5",4,5,5,51,50000,hdshoots,3,15,3,11,1,0,0,Abbe Hamilton
516,"4,6",4,6,5,51,50000,hdshoots,1,4,0,2,0,0,0,Abbe Hamilton
517,"1,4",1,4,5,51,50,hdshoots,0,0,0,0,0,0,0,Abbe Hamilton
517,"1,5",1,5,5,51,50,hdshoots,0,0,0,0,0,0,0,Abbe Hamilton
517,"1,6",1,6,5,51,50,hdshoots,0,0,0,0,0,0,0,Abbe Hamilton
517,"2,4",2,4,5,51,50,hdshoots,0,0,0,0,0,0,0,Abbe Hamilton
517,"2,5",2,5,5,51,50,hdshoots,0,0,0,0,0,0,0,Abbe Hamilton
517,"2,6",2,6,5,51,50,hdshoots,0,0,0,0,0,0,0,Abbe Hamilton
517,"3,4",3,4,5,51,50,hdshoots,0,0,0,0,0,0,0,Abbe Hamilton
517,"3,5",3,5,5,51,50,hdshoots,0,0,0,0,0,0,0,Abbe Hamilton
517,"3,6",3,6,5,51,50,hdshoots,0,0,0,0,0,0,0,Abbe Hamilton
517,"4,4",4,4,5,51,50,hdshoots,0,1,0,0,0,0,0,Abbe Hamilton
517,"4,5",4,5,5,51,50,hdshoots,0,0,0,0,0,0,0,Abbe Hamilton
517,"4,6",4,6,5,51,50,hdshoots,0,0,0,0,0,0,0,Abbe Hamilton
521,"1,4",1,4,5,52,50000,ldr,16,4,0,0,0,0,0,Abbe Hamilton
521,"1,5",1,5,5,52,50000,ldr,29,4,0,0,0,0,0,Abbe Hamilton
521,"1,6",1,6,5,52,50000,ldr,8,0,0,0,0,0,0,Abbe Hamilton
521,"2,4",2,4,5,52,50000,ldr,16,7,0,0,0,0,0,Abbe Hamilton
521,"2,5",2,5,5,52,50000,ldr,41,1,0,0,0,0,0,Abbe Hamilton
521,"2,6",2,6,5,52,50000,ldr,14,3,0,0,0,0,0,Abbe Hamilton
521,"3,4",3,4,5,52,50000,ldr,5,3,0,0,0,0,0,Abbe Hamilton
521,"3,5",3,5,5,52,50000,ldr,11,3,0,0,0,0,0,Abbe Hamilton
521,"3,6",3,6,5,52,50000,ldr,6,0,0,0,0,0,0,Abbe Hamilton
521,"4,4",4,4,5,52,50000,ldr,11,9,0,0,0,0,0,Abbe Hamilton
521,"4,5",4,5,5,52,50000,ldr,2,2,0,0,0,0,0,Abbe Hamilton
521,"4,6",4,6,5,52,50000,ldr,2,0,0,0,0,0,0,Abbe Hamilton
522,"1,4",1,4,5,52,5000,ldr,0,0,0,0,0,0,0,Abbe Hamilton
522,"1,5",1,5,5,52,5000,ldr,0,0,0,0,0,0,0,Abbe Hamilton
522,"1,6",1,6,5,52,5000,ldr,0,2,0,0,0,0,0,Abbe Hamilton
522,"2,4",2,4,5,52,5000,ldr,1,1,0,0,0,0,0,Abbe Hamilton
522,"2,5",2,5,5,52,5000,ldr,0,1,3,0,0,0,0,Abbe Hamilton
522,"2,6",2,6,5,52,5000,ldr,0,2,0,0,0,0,0,Abbe Hamilton
522,"3,4",3,4,5,52,5000,ldr,2,0,0,0,0,0,0,Abbe Hamilton
522,"3,5",3,5,5,52,5000,ldr,0,0,0,0,0,0,0,Abbe Hamilton
522,"3,6",3,6,5,52,5000,ldr,0,0,0,0,0,0,0,Abbe Hamilton
522,"4,4",4,4,5,52,5000,ldr,3,0,0,0,0,0,0,Abbe Hamilton
522,"4,5",4,5,5,52,5000,ldr,0,0,0,0,0,0,0,Abbe Hamilton
522,"4,6",4,6,5,52,5000,ldr,0,0,0,0,0,0,0,Abbe Hamilton
523,"1,4",1,4,5,52,50,ldr,0,0,0,0,0,0,0,Abbe Hamilton
523,"1,5",1,5,5,52,50,ldr,0,0,0,0,0,0,0,Abbe Hamilton
523,"1,6",1,6,5,52,50,ldr,0,0,0,0,0,0,0,Abbe Hamilton
523,"2,4",2,4,5,52,50,ldr,0,0,0,0,0,0,0,Abbe Hamilton
523,"2,5",2,5,5,52,50,ldr,0,0,0,0,0,0,0,Abbe Hamilton
523,"2,6",2,6,5,52,50,ldr,0,0,0,0,0,0,0,Abbe Hamilton
523,"3,4",3,4,5,52,50,ldr,0,0,0,0,0,0,0,Abbe Hamilton
523,"3,5",3,5,5,52,50,ldr,0,0,0,0,0,0,0,Abbe Hamilton
523,"3,6",3,6,5,52,50,ldr,0,0,0,0,0,0,0,Abbe Hamilton
523,"4,4",4,4,5,52,50,ldr,0,0,0,0,0,0,0,Abbe Hamilton
523,"4,5",4,5,5,52,50,ldr,0,0,0,0,0,0,0,Abbe Hamilton
523,"4,6",4,6,5,52,50,ldr,0,0,0,0,0,0,0,Abbe Hamilton
525,"1,4",1,4,5,52,500,ldr,0,0,0,0,0,0,0,Abbe Hamilton
525,"1,5",1,5,5,52,500,ldr,0,0,0,0,0,0,0,Abbe Hamilton
525,"1,6",1,6,5,52,500,ldr,0,0,0,0,0,0,0,Abbe Hamilton
525,"2,4",2,4,5,52,500,ldr,0,0,0,0,0,0,0,Abbe Hamilton
525,"2,5",2,5,5,52,500,ldr,0,2,0,0,0,0,0,Abbe Hamilton
525,"2,6",2,6,5,52,500,ldr,0,0,0,0,0,0,0,Abbe Hamilton
525,"3,4",3,4,5,52,500,ldr,1,3,0,0,0,0,0,Abbe Hamilton
525,"3,5",3,5,5,52,500,ldr,1,3,0,0,0,0,0,Abbe Hamilton
525,"3,6",3,6,5,52,500,ldr,1,1,0,0,0,0,0,Abbe Hamilton
525,"4,4",4,4,5,52,500,ldr,0,1,0,0,0,0,0,Abbe Hamilton
525,"4,5",4,5,5,52,500,ldr,1,1,0,0,0,0,0,Abbe Hamilton
525,"4,6",4,6,5,52,500,ldr,0,0,0,0,0,0,0,Abbe Hamilton
532,"1,4",1,4,5,53,5000,hdr,0,4,0,0,0,0,0,Abbe Hamilton
532,"1,5",1,5,5,53,5000,hdr,0,8,0,0,0,0,0,Abbe Hamilton
532,"1,6",1,6,5,53,5000,hdr,1,5,0,0,0,0,0,Abbe Hamilton
532,"2,4",2,4,5,53,5000,hdr,2,9,0,0,0,0,0,Abbe Hamilton
532,"2,5",2,5,5,53,5000,hdr,4,7,0,0,0,0,0,Abbe Hamilton
532,"2,6",2,6,5,53,5000,hdr,1,2,0,0,0,0,0,Abbe Hamilton
532,"3,4",3,4,5,53,5000,hdr,5,8,0,0,0,0,0,Abbe Hamilton
532,"3,5",3,5,5,53,5000,hdr,0,11,0,0,0,0,0,Abbe Hamilton
532,"3,6",3,6,5,53,5000,hdr,3,2,0,0,0,0,0,Abbe Hamilton
532,"4,4",4,4,5,53,5000,hdr,8,18,0,0,0,0,0,Abbe Hamilton
532,"4,5",4,5,5,53,5000,hdr,2,22,0,0,0,0,0,Abbe Hamilton
532,"4,6",4,6,5,53,5000,hdr,4,12,0,0,0,0,0,Abbe Hamilton
536,"1,4",1,4,5,53,500,hdr,0,1,0,0,0,0,0,Abbe Hamilton
536,"1,5",1,5,5,53,500,hdr,0,1,0,0,0,0,0,Abbe Hamilton
536,"1,6",1,6,5,53,500,hdr,0,1,0,0,0,0,0,Abbe Hamilton
536,"2,4",2,4,5,53,500,hdr,0,0,0,0,0,0,0,Abbe Hamilton
536,"2,5",2,5,5,53,500,hdr,0,1,0,0,0,0,0,Abbe Hamilton
536,"2,6",2,6,5,53,500,hdr,0,0,0,0,0,0,0,Abbe Hamilton
536,"3,4",3,4,5,53,500,hdr,0,0,0,0,0,0,0,Abbe Hamilton
536,"3,5",3,5,5,53,500,hdr,0,0,0,0,0,0,0,Abbe Hamilton
536,"3,6",3,6,5,53,500,hdr,0,0,0,0,0,0,0,Abbe Hamilton
536,"4,4",4,4,5,53,500,hdr,0,1,0,0,0,0,0,Abbe Hamilton
536,"4,5",4,5,5,53,500,hdr,0,0,0,0,0,0,0,Abbe Hamilton
536,"4,6",4,6,5,53,500,hdr,0,0,0,0,0,0,0,Abbe Hamilton
537,"1,4",1,4,5,53,50,hdr,0,0,0,0,0,0,0,Abbe Hamilton
537,"1,5",1,5,5,53,50,hdr,0,1,0,0,0,0,0,Abbe Hamilton
537,"1,6",1,6,5,53,50,hdr,0,0,0,0,0,0,0,Abbe Hamilton
537,"2,4",2,4,5,53,50,hdr,0,0,0,0,0,0,0,Abbe Hamilton
537,"2,5",2,5,5,53,50,hdr,0,0,0,0,0,0,0,Abbe Hamilton
537,"2,6",2,6,5,53,50,hdr,0,0,0,0,0,0,0,Abbe Hamilton
537,"3,4",3,4,5,53,50,hdr,0,0,0,0,0,0,0,Abbe Hamilton
537,"3,5",3,5,5,53,50,hdr,0,0,0,0,0,0,0,Abbe Hamilton
537,"3,6",3,6,5,53,50,hdr,0,0,0,0,0,0,0,Abbe Hamilton
537,"4,4",4,4,5,53,50,hdr,0,0,0,0,0,0,0,Abbe Hamilton
537,"4,5",4,5,5,53,50,hdr,0,0,0,0,0,0,0,Abbe Hamilton
537,"4,6",4,6,5,53,50,hdr,0,0,0,0,0,0,0,Abbe Hamilton
539,"1,4",1,4,5,53,50000,hdr,1,31,0,0,0,0,0,Abbe Hamilton
539,"1,5",1,5,5,53,50000,hdr,6,29,0,0,0,0,0,Abbe Hamilton
539,"1,6",1,6,5,53,50000,hdr,1,17,0,0,0,0,0,Abbe Hamilton
539,"2,4",2,4,5,53,50000,hdr,4,33,0,0,0,0,0,Abbe Hamilton
539,"2,5",2,5,5,53,50000,hdr,3,31,0,0,0,0,0,Abbe Hamilton
539,"2,6",2,6,5,53,50000,hdr,0,4,0,0,0,0,0,Abbe Hamilton
539,"3,4",3,4,5,53,50000,hdr,2,15,0,0,0,0,0,Abbe Hamilton
539,"3,5",3,5,5,53,50000,hdr,2,11,0,0,0,0,0,Abbe Hamilton
539,"3,6",3,6,5,53,50000,hdr,3,11,0,0,0,0,0,Abbe Hamilton
539,"4,4",4,4,5,53,50000,hdr,3,31,0,0,0,0,0,Abbe Hamilton
539,"4,5",4,5,5,53,50000,hdr,10,25,0,0,0,0,0,Abbe Hamilton
539,"4,6",4,6,5,53,50000,hdr,2,5,0,0,0,0,0,Abbe Hamilton
541,"1,4",1,4,5,54,50000,ldshoots,1,15,7,2,0,0,0,Abbe Hamilton
541,"1,5",1,5,5,54,50000,ldshoots,0,7,2,2,0,0,0,Abbe Hamilton
541,"1,6",1,6,5,54,50000,ldshoots,0,4,3,1,0,0,0,Abbe Hamilton
541,"2,4",2,4,5,54,50000,ldshoots,4,15,17,1,0,0,0,Abbe Hamilton
541,"2,5",2,5,5,54,50000,ldshoots,11,16,5,3,0,0,0,Abbe Hamilton
541,"2,6",2,6,5,54,50000,ldshoots,2,0,13,2,0,0,0,Abbe Hamilton
541,"3,4",3,4,5,54,50000,ldshoots,0,17,11,8,0,0,0,Abbe Hamilton
541,"3,5",3,5,5,54,50000,ldshoots,1,28,16,3,0,0,0,Abbe Hamilton
541,"3,6",3,6,5,54,50000,ldshoots,4,36,7,0,0,0,0,Abbe Hamilton
541,"4,4",4,4,5,54,50000,ldshoots,11,1,4,0,0,0,0,Abbe Hamilton
541,"4,5",4,5,5,54,50000,ldshoots,1,10,5,2,0,0,0,Abbe Hamilton
541,"4,6",4,6,5,54,50000,ldshoots,5,10,3,0,0,0,0,Abbe Hamilton
545,"1,4",1,4,5,54,500,ldshoots,0,0,0,1,0,0,0,Abbe Hamilton
545,"1,5",1,5,5,54,500,ldshoots,1,0,0,0,0,0,0,Abbe Hamilton
545,"1,6",1,6,5,54,500,ldshoots,0,0,0,0,0,0,0,Abbe Hamilton
545,"2,4",2,4,5,54,500,ldshoots,0,0,0,0,0,0,0,Abbe Hamilton
545,"2,5",2,5,5,54,500,ldshoots,0,0,0,0,0,0,0,Abbe Hamilton
545,"2,6",2,6,5,54,500,ldshoots,0,0,0,0,0,0,0,Abbe Hamilton
545,"3,4",3,4,5,54,500,ldshoots,0,0,0,0,0,0,0,Abbe Hamilton
545,"3,5",3,5,5,54,500,ldshoots,0,0,0,0,0,0,0,Abbe Hamilton
545,"3,6",3,6,5,54,500,ldshoots,0,0,0,0,0,0,0,Abbe Hamilton
545,"4,4",4,4,5,54,500,ldshoots,0,0,0,0,0,0,0,Abbe Hamilton
545,"4,5",4,5,5,54,500,ldshoots,0,0,0,0,0,0,0,Abbe Hamilton
545,"4,6",4,6,5,54,500,ldshoots,0,0,0,0,0,0,0,Abbe Hamilton
547,"1,4",1,4,5,54,50,ldshoots,0,0,0,0,0,0,0,Abbe Hamilton
547,"1,5",1,5,5,54,50,ldshoots,0,0,0,0,0,0,0,Abbe Hamilton
547,"1,6",1,6,5,54,50,ldshoots,0,0,0,0,0,0,0,Abbe Hamilton
547,"2,4",2,4,5,54,50,ldshoots,0,0,0,0,0,0,0,Abbe Hamilton
547,"2,5",2,5,5,54,50,ldshoots,0,0,0,0,0,0,0,Abbe Hamilton
547,"2,6",2,6,5,54,50,ldshoots,0,0,0,0,0,0,0,Abbe Hamilton
547,"3,4",3,4,5,54,50,ldshoots,0,0,0,0,0,0,0,Abbe Hamilton
547,"3,5",3,5,5,54,50,ldshoots,0,0,0,0,0,0,0,Abbe Hamilton
547,"3,6",3,6,5,54,50,ldshoots,0,0,0,0,0,0,0,Abbe Hamilton
547,"4,4",4,4,5,54,50,ldshoots,0,0,0,0,0,0,0,Abbe Hamilton
547,"4,5",4,5,5,54,50,ldshoots,0,0,0,0,0,0,0,Abbe Hamilton
547,"4,6",4,6,5,54,50,ldshoots,0,0,0,0,0,0,0,Abbe Hamilton
549,"1,4",1,4,5,54,5000,ldshoots,1,0,0,0,0,0,0,Abbe Hamilton
549,"1,5",1,5,5,54,5000,ldshoots,1,7,0,0,0,0,0,Abbe Hamilton
549,"1,6",1,6,5,54,5000,ldshoots,0,3,1,0,0,0,0,Abbe Hamilton
549,"2,4",2,4,5,54,5000,ldshoots,4,2,0,0,0,0,0,Abbe Hamilton
549,"2,5",2,5,5,54,5000,ldshoots,0,1,0,0,0,0,0,Abbe Hamilton
549,"2,6",2,6,5,54,5000,ldshoots,0,2,0,0,0,0,0,Abbe Hamilton
549,"3,4",3,4,5,54,5000,ldshoots,0,1,1,0,0,0,0,Abbe Hamilton
549,"3,5",3,5,5,54,5000,ldshoots,0,0,0,0,0,0,0,Abbe Hamilton
549,"3,6",3,6,5,54,5000,ldshoots,0,1,0,0,0,0,0,Abbe Hamilton
549,"4,4",4,4,5,54,5000,ldshoots,0,1,0,0,0,0,0,Abbe Hamilton
549,"4,5",4,5,5,54,5000,ldshoots,0,0,1,0,0,0,0,Abbe Hamilton
549,"4,6",4,6,5,54,5000,ldshoots,0,0,0,0,0,0,0,Abbe Hamilton
552,"1,1",1,1,5,55,5000,bare,0,1,1,0,0,0,0,Abbe Hamilton
552,"1,2",1,2,5,55,5000,bare,0,0,0,0,0,0,0,Abbe Hamilton
552,"1,3",1,3,5,55,5000,bare,2,2,0,0,0,0,0,Abbe Hamilton
552,"2,1",2,1,5,55,5000,bare,0,3,0,0,0,0,0,Abbe Hamilton
552,"2,2",2,2,5,55,5000,bare,0,2,0,0,0,0,0,Abbe Hamilton
552,"2,3",2,3,5,55,5000,bare,0,2,0,0,0,0,0,Abbe Hamilton
552,"3,1",3,1,5,55,5000,bare,1,3,0,0,0,0,0,Abbe Hamilton
552,"3,2",3,2,5,55,5000,bare,0,2,0,0,0,0,0,Abbe Hamilton
552,"3,3",3,3,5,55,5000,bare,1,0,0,0,0,0,0,Abbe Hamilton
552,"4,1",4,1,5,55,5000,bare,1,0,0,0,0,0,0,Abbe Hamilton
552,"4,2",4,2,5,55,5000,bare,0,0,0,0,0,0,0,Abbe Hamilton
552,"4,3",4,3,5,55,5000,bare,0,1,0,0,0,0,0,Abbe Hamilton
553,"1,4",1,4,5,55,50000,bare,0,2,2,2,0,0,0,Abbe Hamilton
553,"1,5",1,5,5,55,50000,bare,0,4,1,4,4,0,0,Abbe Hamilton
553,"1,6",1,6,5,55,50000,bare,0,0,1,0,1,0,0,Abbe Hamilton
553,"2,4",2,4,5,55,50000,bare,1,40,8,1,0,0,0,Abbe Hamilton
553,"2,5",2,5,5,55,50000,bare,0,32,12,6,0,0,0,Abbe Hamilton
553,"2,6",2,6,5,55,50000,bare,0,0,0,1,0,0,0,Abbe Hamilton
553,"3,4",3,4,5,55,50000,bare,0,34,3,0,0,0,0,Abbe Hamilton
553,"3,5",3,5,5,55,50000,bare,0,11,2,0,0,0,0,Abbe Hamilton
553,"3,6",3,6,5,55,50000,bare,0,4,0,0,0,0,0,Abbe Hamilton
553,"4,4",4,4,5,55,50000,bare,5,9,0,0,0,0,0,Abbe Hamilton
553,"4,5",4,5,5,55,50000,bare,0,5,2,1,0,0,0,Abbe Hamilton
553,"4,6",4,6,5,55,50000,bare,0,0,0,0,0,0,0,Abbe Hamilton
557,"1,1",1,1,5,55,500,bare,0,0,0,0,0,0,0,Abbe Hamilton
557,"1,2",1,2,5,55,500,bare,0,0,0,0,0,0,0,Abbe Hamilton
557,"1,3",1,3,5,55,500,bare,0,0,0,0,0,0,0,Abbe Hamilton
557,"2,1",2,1,5,55,500,bare,0,0,0,0,0,0,0,Abbe Hamilton
557,"2,2",2,2,5,55,500,bare,0,0,0,0,0,0,0,Abbe Hamilton
557,"2,3",2,3,5,55,500,bare,0,0,0,0,0,0,0,Abbe Hamilton
557,"3,1",3,1,5,55,500,bare,0,0,0,1,0,0,0,Abbe Hamilton
557,"3,2",3,2,5,55,500,bare,0,0,0,0,0,0,0,Abbe Hamilton
557,"3,3",3,3,5,55,500,bare,0,0,0,0,0,0,0,Abbe Hamilton
557,"4,1",4,1,5,55,500,bare,0,0,0,0,0,0,0,Abbe Hamilton
557,"4,2",4,2,5,55,500,bare,0,0,1,0,0,0,0,Abbe Hamilton
557,"4,3",4,3,5,55,500,bare,0,1,0,0,0,0,0,Abbe Hamilton
558,"1,1",1,1,5,55,50,bare,0,0,0,0,0,0,0,Abbe Hamilton
558,"1,2",1,2,5,55,50,bare,0,0,0,0,0,0,0,Abbe Hamilton
558,"1,3",1,3,5,55,50,bare,0,0,0,0,0,0,0,Abbe Hamilton
558,"2,1",2,1,5,55,50,bare,0,0,1,0,0,0,0,Abbe Hamilton
558,"2,2",2,2,5,55,50,bare,0,0,0,0,0,0,0,Abbe Hamilton
558,"2,3",2,3,5,55,50,bare,0,0,1,0,0,0,0,Abbe Hamilton
558,"3,1",3,1,5,55,50,bare,0,0,0,0,0,0,0,Abbe Hamilton
558,"3,2",3,2,5,55,50,bare,0,0,0,0,0,0,0,Abbe Hamilton
558,"3,3",3,3,5,55,50,bare,0,0,0,0,0,0,0,Abbe Hamilton
558,"4,1",4,1,5,55,50,bare,0,0,0,0,0,0,0,Abbe Hamilton
558,"4,2",4,2,5,55,50,bare,0,0,0,0,0,0,0,Abbe Hamilton
558,"4,3",4,3,5,55,50,bare,0,0,0,0,0,0,0,Abbe Hamilton
